id,chainId,name,address,lat,lng,tags,updatedAt
store-syabuyo-osm-node-309585724,chain-syabuyo,しゃぶ葉,"しゃぶ葉, さいたま春日部線, 南平野二丁目, 岩槻区, さいたま市, 埼玉県, 339-0005, 日本",35.9564072,139.7141539,,2025-08-31T05:42:47.487Z
store-syabuyo-osm-node-1007140979,chain-syabuyo,しゃぶ葉 海老名店,243-0433 神奈川県 海老名市 2丁目 10 14,35.4469032,139.3776853,,2025-08-31T05:42:47.490Z
store-syabuyo-osm-node-1286756153,chain-syabuyo,しゃぶ葉,"しゃぶ葉, 3, あざみ野南一丁目, あざみ野南, 青葉区, 横浜市, 神奈川県, 225-0012, 日本",35.5624196,139.5532704,,2025-08-31T05:42:48.995Z
store-syabuyo-osm-node-1668352895,chain-syabuyo,しゃぶ葉,"しゃぶ葉, 森屋狭山線, 池尻, 大阪狭山市, 大阪府, 589-8799, 日本",34.4980434,135.5475695,,2025-08-31T05:42:50.414Z
store-syabuyo-osm-node-1685980891,chain-syabuyo,しゃぶ葉,"しゃぶ葉, 目白通り, 豊玉北, 練馬区, 東京都, 176-0011, 日本",35.7332944,139.6677384,,2025-08-31T05:42:51.866Z
store-syabuyo-osm-node-1749066848,chain-syabuyo,しゃぶ葉 名古屋小碓通店,454-0856 愛知県名古屋市中川区小碓通３丁目２８,35.1213814,136.8689749,,2025-08-31T05:42:51.866Z
store-syabuyo-osm-node-1757686420,chain-syabuyo,しゃぶ葉 三鷹牟礼店,"しゃぶ葉, 下本宿通り, 牟礼七丁目, 三鷹市, 東京都, 181-8612, 日本",35.6819388,139.5755135,,2025-08-31T05:42:53.291Z
store-syabuyo-osm-node-1793142582,chain-syabuyo,しゃぶ葉,"しゃぶ葉, 県道221号那覇内環状線, 赤嶺, 那覇市, 沖縄県, 900-8585, 日本",26.1950913,127.6650371,,2025-08-31T05:42:54.689Z
store-syabuyo-osm-node-1798836993,chain-syabuyo,しゃぶ葉,"しゃぶ葉, 笹目通り, 高松, 練馬区, 東京都, 179-0076, 日本",35.7584758,139.6208665,,2025-08-31T05:42:56.157Z
store-syabuyo-osm-node-1928918791,chain-syabuyo,しゃぶ葉,"しゃぶ葉, ならやま大通り, 神功三丁目, 奈良市, 奈良県, 631-0804, 日本",34.7161945,135.7794477,,2025-08-31T05:42:57.593Z
store-syabuyo-osm-node-1942598904,chain-syabuyo,しゃぶ葉 会津若松店,"しゃぶ葉, 小田橋通り, 宝町, 会津若松市, 福島県, 965-0817, 日本",37.486892,139.940672,,2025-08-31T05:42:59.133Z
store-syabuyo-osm-node-1960252402,chain-syabuyo,しゃぶ葉,"しゃぶ葉, 利根水郷ライン, 北三丁目, 香取市, 千葉県, 287-0001, 日本",35.8954281,140.5013497,,2025-08-31T05:43:00.546Z
store-syabuyo-osm-node-1973405697,chain-syabuyo,しゃぶ葉 希望ヶ丘店,"しゃぶ葉, 厚木街道, 東希望が丘, 旭区, 横浜市, 神奈川県, 241-0826, 日本",35.4613427,139.5154403,,2025-08-31T05:43:01.978Z
store-syabuyo-osm-node-2144956316,chain-syabuyo,しゃぶ葉,"しゃぶ葉, 市役所通り, 栄町二丁目, 栄町, 羽村市, 東京都, 205-0003, 日本",35.7707637,139.3093698,,2025-08-31T05:43:03.388Z
store-syabuyo-osm-node-2186099739,chain-syabuyo,しゃぶ葉,"しゃぶ葉, 希望通り, 八千代台東二丁目, 八千代市, 千葉県, 276-0032, 日本",35.692337,140.094343,,2025-08-31T05:43:04.862Z
store-syabuyo-osm-node-2358052829,chain-syabuyo,しゃぶ葉,"しゃぶ葉, 北大通り, 末広二丁目, 熊谷市, 埼玉県, 360-0031, 日本",36.1418583,139.3965422,,2025-08-31T05:43:06.507Z
store-syabuyo-osm-node-2815259555,chain-syabuyo,しゃぶ葉 清水春日,"しゃぶ葉, 南幹線, 浜田町, 清水区, 静岡市, 静岡県, 424-8701, 日本",35.0114423,138.4729306,,2025-08-31T05:43:07.928Z
store-syabuyo-osm-node-2820155518,chain-syabuyo,しゃぶ葉,"しゃぶ葉, 相模原愛川線, 田名, 中央区, 相模原市, 神奈川県, 252-0244, 日本",35.5507228,139.3360002,,2025-08-31T05:43:09.333Z
store-syabuyo-osm-node-2947345452,chain-syabuyo,しゃぶ葉,"しゃぶ葉, 東名高速道路, 平五丁目, 平, 宮前区, 川崎市, 神奈川県, 216-0022, 日本",35.6000826,139.5786678,,2025-08-31T05:43:10.806Z
store-syabuyo-osm-node-3075282862,chain-syabuyo,しゃぶ葉,"しゃぶ葉, 国道53号, 伊島北町, 北区, 岡山市, 岡山県, 700-0085, 日本",34.6812313,133.9085717,,2025-08-31T05:43:12.238Z
store-syabuyo-osm-node-3174724267,chain-syabuyo,しゃぶ葉,"しゃぶ葉, 夏見小室線, 夏見台五丁目, 船橋市, 千葉県, 273-0042, 日本",35.7228988,139.9914406,,2025-08-31T05:43:13.667Z
store-syabuyo-osm-node-3188074609,chain-syabuyo,しゃぶ葉 大和中央店,242-0021 神奈川県 大和市 1 4 14,35.4671988,139.4609109,,2025-08-31T05:43:13.667Z
store-syabuyo-osm-node-3201134703,chain-syabuyo,しゃぶ葉,"しゃぶ葉, 新青梅街道, 下石神井, 練馬区, 東京都, 177-0042, 日本",35.7293187,139.6033971,,2025-08-31T05:43:15.410Z
store-syabuyo-osm-node-3467389193,chain-syabuyo,しゃぶ葉 伊奈店,362-0805 埼玉県 北足立郡 伊奈町 3丁目 80番,35.978108,139.6398133,,2025-08-31T05:43:15.410Z
store-syabuyo-osm-node-3780663854,chain-syabuyo,しゃぶ葉 東戸塚店,"しゃぶ葉, 横浜新道, 川上町, 戸塚区, 横浜市, 神奈川県, 244-0805, 日本",35.4290282,139.549162,,2025-08-31T05:43:17.319Z
store-syabuyo-osm-node-4008131494,chain-syabuyo,しゃぶ葉,"しゃぶ葉, 県道豊橋幸田線, 菰口町三丁目, 豊橋市, 愛知県, 441-8016, 日本",34.7672207,137.3708202,,2025-08-31T05:43:18.785Z
store-syabuyo-osm-node-4171281793,chain-syabuyo,しゃぶ葉,"しゃぶ葉, 行幸道路, 相模大野三丁目, 南区, 相模原市, 神奈川県, 252-0370, 日本",35.5346415,139.4367951,,2025-08-31T05:43:20.276Z
store-syabuyo-osm-node-4185071791,chain-syabuyo,しゃぶ葉,"しゃぶ葉, 大学通り, 富士見台一丁目, 国立市, 東京都, 186-0003, 日本",35.68599,139.447443,,2025-08-31T05:43:21.761Z
store-syabuyo-osm-node-4199991797,chain-syabuyo,しゃぶ葉,"しゃぶ葉, 松戸鎌ヶ谷線, 六高台1丁目, 松戸市, 千葉県, 270-2203, 日本",35.7966477,139.9764487,,2025-08-31T05:43:23.193Z
store-syabuyo-osm-node-4356710558,chain-syabuyo,しゃぶ葉,"しゃぶ葉, 国道134号, 南湖六丁目, 茅ヶ崎市, 神奈川県, 235-0061, 日本",35.3183129,139.3985675,,2025-08-31T05:43:24.623Z
store-syabuyo-osm-node-4698260192,chain-syabuyo,しゃぶ葉,"しゃぶ葉, 国道354号, 東二丁目, つくば市, 茨城県, 305-0046, 日本",36.0503222,140.1349488,,2025-08-31T05:43:26.064Z
store-syabuyo-osm-node-4962917222,chain-syabuyo,しゃぶ葉 加須店,"しゃぶ葉, 国道125号 加須羽生バイパス, 三俣二丁目, 加須市, 埼玉県, 347-0067, 日本",36.1333157,139.6024692,,2025-08-31T05:43:27.490Z
store-syabuyo-osm-node-5030100837,chain-syabuyo,しゃぶ葉 酒田北店,"しゃぶ葉, 吹浦酒田線, ゆたか二丁目, 酒田市, 山形県, 998-0006, 日本",38.9379156,139.8476954,,2025-08-31T05:43:29.235Z
store-syabuyo-osm-node-5083123507,chain-syabuyo,しゃぶ葉,"しゃぶ葉, 国道246号, 新町, 秦野市, 神奈川県, 257-0055, 日本",35.375286,139.2045143,,2025-08-31T05:43:30.766Z
store-syabuyo-osm-node-5083531639,chain-syabuyo,しゃぶ葉,"しゃぶ葉, 国道246号, 田中, 伊勢原市, 神奈川県, 259-1142, 日本",35.4043616,139.3134911,,2025-08-31T05:43:32.204Z
store-syabuyo-osm-node-5107561195,chain-syabuyo,しゃぶ葉,"しゃぶ葉, 調布駅前広場, 布田四丁目, 調布市, 東京都, 182-0026, 日本",35.6499059,139.5435252,,2025-08-31T05:43:33.613Z
store-syabuyo-osm-node-5120976825,chain-syabuyo,しゃぶ葉,"しゃぶ葉, 1, 杜せきのした五丁目, 名取市, 宮城県, 981-1294, 日本",38.1636863,140.8938871,,2025-08-31T05:43:34.999Z
store-syabuyo-osm-node-5225704471,chain-syabuyo,しゃぶ葉 北九州平野店,"しゃぶ葉, 国際通り, 平野一丁目, 八幡東区, 北九州市, 福岡県, 805-0071, 日本",33.8613026,130.7910049,,2025-08-31T05:43:36.430Z
store-syabuyo-osm-node-5484916465,chain-syabuyo,しゃぶ葉 入間インター店,"しゃぶ葉, 東京環状, 大字扇町屋, 入間市, 埼玉県, 358-0026, 日本",35.8123101,139.3769941,,2025-08-31T05:43:37.854Z
store-syabuyo-osm-node-5493919940,chain-syabuyo,しゃぶ葉,"しゃぶ葉, 調布経堂停車場線, 仙川町一丁目, 調布市, 東京都, 182-0003, 日本",35.6592107,139.5876755,,2025-08-31T05:43:39.262Z
store-syabuyo-osm-node-5516414573,chain-syabuyo,しゃぶ葉,"しゃぶ葉, 山手幹線, 欽明台中央, 京田辺市, 京都府, 610-0355, 日本",34.8327347,135.721417,,2025-08-31T05:43:40.706Z
store-syabuyo-osm-node-5662567251,chain-syabuyo,しゃぶ葉,"しゃぶ葉, 坂戸バイパス, 脚折町四丁目, 鶴ヶ島市, 埼玉県, 350-2213, 日本",35.9381584,139.3921571,,2025-08-31T05:43:42.134Z
store-syabuyo-osm-node-5893742786,chain-syabuyo,しゃぶ葉 札幌新琴似店,001-0907 北海道 札幌市 北区 12丁目 1 30,43.1201591,141.3172274,,2025-08-31T05:43:42.134Z
store-syabuyo-osm-node-5963508419,chain-syabuyo,しゃぶ葉 香里園店,"しゃぶ葉, 旧国道170号, 松屋町, 寝屋川市, 大阪府, 572-0086, 日本",34.7848893,135.6254047,,2025-08-31T05:43:43.877Z
store-syabuyo-osm-node-5981088388,chain-syabuyo,しゃぶ葉,"しゃぶ葉, 藤沢街道, 渋谷七丁目, 下和田, 大和市, 神奈川県, 242-0015, 日本",35.4300676,139.4683248,,2025-08-31T05:43:45.268Z
store-syabuyo-osm-node-6060092290,chain-syabuyo,しゃぶ葉 伊丹大鹿店,"しゃぶ葉, 山本伊丹線, 大鹿七丁目, 伊丹市, 兵庫県, 664-0897, 日本",34.7887376,135.4067997,,2025-08-31T05:43:46.948Z
store-syabuyo-osm-node-6095283298,chain-syabuyo,しゃぶ葉 八尾老原店,"しゃぶ葉, 国道25号, 志紀町三丁目, 八尾市, 大阪府, 581-0082, 日本",34.6093352,135.6049255,,2025-08-31T05:43:48.356Z
store-syabuyo-osm-node-6254948792,chain-syabuyo,しゃぶ葉,鹿児島県 鹿児島市,31.5507028,130.5439547,,2025-08-31T05:43:48.356Z
store-syabuyo-osm-node-6345697394,chain-syabuyo,しゃぶ葉,"しゃぶ葉, 東大門安行西立野線, 東川口四丁目, 緑区, さいたま市, 埼玉県, 333-0801, 日本",35.8844894,139.7403799,,2025-08-31T05:43:49.812Z
store-syabuyo-osm-node-6446210130,chain-syabuyo,しゃぶ葉,"しゃぶ葉, 新大宮バイパス, 三橋六丁目, 西区, さいたま市, 埼玉県, 331-0052, 日本",35.9221443,139.5924711,,2025-08-31T05:43:51.246Z
store-syabuyo-osm-node-6447030555,chain-syabuyo,しゃぶ葉,"しゃぶ葉, 笹出線, 新和一丁目, 中央区, 新潟市, 新潟県, 950-0972, 日本",37.9048854,139.0482435,,2025-08-31T05:43:52.686Z
store-syabuyo-osm-node-6762185718,chain-syabuyo,しゃぶ葉,"しゃぶ葉, 与野中央通り, 大戸六丁目, 中央区, さいたま市, 埼玉県, 338-0012, 日本",35.8688985,139.6331057,,2025-08-31T05:43:54.421Z
store-syabuyo-osm-node-6796328132,chain-syabuyo,しゃぶ葉,224-0035,35.5403272,139.5969829,,2025-08-31T05:43:54.421Z
store-syabuyo-osm-node-6942927068,chain-syabuyo,しゃぶ葉 豊田喜多店,"しゃぶ葉, 国道153号, 久保町, 豊田市, 愛知県, 471-0022, 日本",35.0866363,137.1623708,,2025-08-31T05:43:55.861Z
store-syabuyo-osm-node-7207276933,chain-syabuyo,しゃぶ葉,"しゃぶ葉, 厚木なかちょう大通り, 一丁目, 中町, 厚木市, 神奈川県, 243-0013, 日本",35.4405904,139.3662759,,2025-08-31T05:43:57.307Z
store-syabuyo-osm-node-7396292320,chain-syabuyo,しゃぶ葉,675-0101 兵庫県 加古川市 596-2,34.7472393,134.8623889,,2025-08-31T05:43:57.307Z
store-syabuyo-osm-node-7559921933,chain-syabuyo,しゃぶ葉,"しゃぶ葉, ポレポレ通り, 溝口一丁目, 溝口, 高津区, 川崎市, 神奈川県, 213-0001, 日本",35.6000495,139.6124674,,2025-08-31T05:43:58.731Z
store-syabuyo-osm-node-7617455883,chain-syabuyo,しゃぶ葉,"しゃぶ葉, 沼津インター線, 岡一色, 沼津市, 静岡県, 410-0011, 日本",35.1339888,138.8728447,,2025-08-31T05:44:00.162Z
store-syabuyo-osm-node-7884164711,chain-syabuyo,しゃぶ葉,"しゃぶ葉, 日光街道, 上戸祭二丁目, 宇都宮市, 栃木県, 320-0074, 日本",36.5849759,139.8668191,,2025-08-31T05:44:01.596Z
store-syabuyo-osm-node-8090201790,chain-syabuyo,しゃぶ葉,"しゃぶ葉, Koen-dori, 公津の杜三丁目, 成田市, 千葉県, 285-0901, 日本",35.7576803,140.2983466,,2025-08-31T05:44:02.994Z
store-syabuyo-osm-node-8380610213,chain-syabuyo,しゃぶ葉,"しゃぶ葉, 町田街道, 木曽西四丁目, 町田市, 東京都, 194-0037, 日本",35.5717908,139.4210073,,2025-08-31T05:44:04.917Z
store-syabuyo-osm-node-8492123714,chain-syabuyo,しゃぶ葉,"しゃぶ葉, 産業道路, 西青木一丁目, 川口市, 埼玉県, 332-0034, 日本",35.8158887,139.7109527,,2025-08-31T05:44:06.309Z
store-syabuyo-osm-node-8868404455,chain-syabuyo,しゃぶ葉 上白根店,"しゃぶ葉, 中原街道, 上白根町, 旭区, 横浜市, 神奈川県, 241-0002, 日本",35.4981615,139.5378135,,2025-08-31T05:44:07.732Z
store-syabuyo-osm-node-9213868674,chain-syabuyo,しゃぶ葉,"しゃぶ葉, 武蔵小山商店街PALM, 荏原三丁目, 荏原, 品川区, 東京都, 142-0063, 日本",35.6172455,139.7071342,,2025-08-31T05:44:09.578Z
store-syabuyo-osm-node-9378500602,chain-syabuyo,しゃぶ葉,"しゃぶ葉, 富士富士宮由比線, 大宮町, 富士宮市, 静岡県, 418-0077, 日本",35.2234524,138.6247855,,2025-08-31T05:44:11.010Z
store-syabuyo-osm-node-9524507481,chain-syabuyo,しゃぶ葉,"しゃぶ葉, 中山道, 本庄四丁目, 本庄市, 埼玉県, 367-8501, 日本",36.2464995,139.1913296,,2025-08-31T05:44:12.444Z
store-syabuyo-osm-node-10043776289,chain-syabuyo,しゃぶ葉,"しゃぶ葉, 成田市ウィング土屋２４, 空港通り, 土屋, 成田市, 千葉県, 286-0029, 日本",35.7960712,140.317261,,2025-08-31T05:44:13.888Z
store-syabuyo-osm-node-10197312681,chain-syabuyo,しゃぶ葉,"しゃぶ葉, 新座中央通り, 東北二丁目, 新座市, 埼玉県, 352-0001, 日本",35.8211992,139.5733914,,2025-08-31T05:44:15.312Z
store-syabuyo-osm-node-10584338100,chain-syabuyo,しゃぶ葉,"しゃぶ葉, 今治丹原線, 矢田, 今治市, 愛媛県, 794-0068, 日本",34.0445512,132.962682,,2025-08-31T05:44:16.739Z
store-syabuyo-osm-node-10799430305,chain-syabuyo,しゃぶ葉,"しゃぶ葉, JR秋葉原駅;1階;昭和通り改札, 神田花岡町, 千代田区, 東京都, 102-0000, 日本",35.6983045,139.7746938,,2025-08-31T05:44:18.164Z
store-syabuyo-osm-node-10877296218,chain-syabuyo,しゃぶ葉,"しゃぶ葉, 袋町通, 錦三丁目, 中区, 名古屋市, 愛知県, 460-0003, 日本",35.172138,136.9075169,,2025-08-31T05:44:19.613Z
store-syabuyo-osm-node-10913608023,chain-syabuyo,しゃぶ葉,"しゃぶ葉, 東京環状, 柏七丁目, 柏市, 千葉県, 277-8505, 日本",35.8655596,139.9792367,,2025-08-31T05:44:21.013Z
store-syabuyo-osm-node-10981866197,chain-syabuyo,しゃぶ葉,"しゃぶ葉, 清砂大橋通り, 西葛西七丁目, 西葛西, 江戸川区, 東京都, 134-0087, 日本",35.6649558,139.8586885,,2025-08-31T05:44:22.590Z
store-syabuyo-osm-node-11083040905,chain-syabuyo,しゃぶ葉,"しゃぶ葉, 鰻谷北通, 心斎橋筋一丁目, 中央区, 大阪市, 大阪府, 542-0081, 日本",34.6747987,135.5016151,,2025-08-31T05:44:24.252Z
store-syabuyo-osm-node-11195878238,chain-syabuyo,しゃぶ葉,"しゃぶ葉, 国道8号, 新保北一丁目, 福井市, 福井県, 910-0836, 日本",36.091844,136.2503751,,2025-08-31T05:44:25.756Z
store-syabuyo-osm-node-11226190695,chain-syabuyo,しゃぶ葉,"しゃぶ葉, 高坂彫刻プロムナード, 元宿二丁目, 東松山市, 埼玉県, 355-0063, 日本",36.0021873,139.3946273,,2025-08-31T05:44:27.394Z
store-syabuyo-osm-node-11279708793,chain-syabuyo,しゃぶ葉,"しゃぶ葉, 西口五番街, 南幸, 西区, 横浜市, 神奈川県, 231-0017, 日本",35.4646369,139.6194403,,2025-08-31T05:44:29.197Z
store-syabuyo-osm-node-11449569158,chain-syabuyo,しゃぶ葉,"しゃぶ葉, 東京環状, 橋本, 緑区, 相模原市, 神奈川県, 252-0143, 日本",35.6037782,139.3416058,,2025-08-31T05:44:30.676Z
store-syabuyo-osm-node-11659044227,chain-syabuyo,しゃぶ葉,"しゃぶ葉, 熱海箱根峠線, 福道町, 熱海市, 静岡県, 413-0034, 日本",35.0988049,139.0685689,,2025-08-31T05:44:32.313Z
store-syabuyo-osm-node-11760235880,chain-syabuyo,しゃぶ葉,"しゃぶ葉, 旧川越街道, 野火止八丁目, 新座市, 埼玉県, 325-0011, 日本",35.8004092,139.5656325,,2025-08-31T05:44:33.746Z
store-syabuyo-osm-node-11951237187,chain-syabuyo,しゃぶ葉,"しゃぶ葉, 八戸バイパス, 城下四丁目, 八戸市, 青森県, 031-0072, 日本",40.526413,141.4986353,,2025-08-31T05:44:35.177Z
store-syabuyo-osm-node-12022430687,chain-syabuyo,しゃぶ葉,"しゃぶ葉, 小倉中央商店街, 商店街, 小倉北区, 北九州市, 福岡県, 802-0002, 日本",33.8864057,130.8811747,,2025-08-31T05:44:36.595Z
store-syabuyo-osm-node-12090475081,chain-syabuyo,しゃぶ葉,"しゃぶ葉, 16, 北本通り, 王子一丁目, 王子, 北区, 東京都, 114-8503, 日本",35.7553399,139.7369463,,2025-08-31T05:44:38.023Z
store-syabuyo-osm-node-12305485020,chain-syabuyo,しゃぶ葉,"しゃぶ葉, JR Transfer, 高田馬場一丁目, 高田馬場, 新宿区, 東京都, 160-8484, 日本",35.7112034,139.7039548,,2025-08-31T05:44:39.423Z
store-syabuyo-osm-node-12378988158,chain-syabuyo,しゃぶ葉,"しゃぶ葉, 白山通り, 巣鴨一丁目, 巣鴨, 豊島区, 東京都, 170-0002, 日本",35.734004,139.7394078,,2025-08-31T05:44:40.847Z
store-syabuyo-osm-node-12458444876,chain-syabuyo,しゃぶ葉 トレッサ横浜店,"しゃぶ葉, 環状2号線, 樽町四丁目, 港北区, 横浜市, 神奈川県, 231-0017, 日本",35.524058,139.6468118,,2025-08-31T05:44:42.286Z
store-syabuyo-osm-node-12570593382,chain-syabuyo,しゃぶ葉 岡山十日市店,"しゃぶ葉, 国道30号, 岡南町二丁目, 北区, 岡山市, 岡山県, 700-0866, 日本",34.6429288,133.9247342,,2025-08-31T05:44:43.809Z
store-syabuyo-osm-node-12582310155,chain-syabuyo,しゃぶ葉 奈良柏木店,"しゃぶ葉, 奈良バイパス, 大安寺町, 奈良市, 奈良県, 630-8131, 日本",34.6713637,135.7997777,,2025-08-31T05:44:45.242Z
store-syabuyo-osm-node-12771499968,chain-syabuyo,しゃぶ葉,"しゃぶ葉, 宇都宮茂木線, 芳賀工業団地, 宇都宮市, 芳賀郡, 栃木県, 321-3222, 日本",36.5678959,139.9958372,,2025-08-31T05:44:46.639Z
store-syabuyo-osm-node-12813793011,chain-syabuyo,しゃぶ葉,"しゃぶ葉, 奥州街道, 駅前通り一丁目, 宇都宮市, 栃木県, 321-0965, 日本",36.5601273,139.89674,,2025-08-31T05:44:48.080Z
store-syabuyo-osm-node-12947739492,chain-syabuyo,しゃぶ葉,"しゃぶ葉, 岡谷下諏訪線, 西豊, 下諏訪町, 諏訪郡, 長野県, 393-0045, 日本",36.0678682,138.0887158,,2025-08-31T05:44:49.518Z
store-syabuyo-osm-node-12960501841,chain-syabuyo,しゃぶ葉,"しゃぶ葉, 堺かつらぎ線, 上野芝町一丁, 西区, 堺市, 大阪府, 540-8570, 日本",34.5504342,135.4820992,,2025-08-31T05:44:51.051Z
store-syabuyo-osm-node-12968623083,chain-syabuyo,しゃぶ葉,"しゃぶ葉, 国道467号, 南藤沢, 藤沢市, 神奈川県, 251-0055, 日本",35.3369812,139.4899091,,2025-08-31T05:44:52.464Z
store-syabuyo-osm-node-13001418834,chain-syabuyo,しゃぶ葉,"しゃぶ葉, 国道407号, 飯田町, 太田市, 群馬県, 373-0817, 日本",36.2774908,139.3775029,,2025-08-31T05:44:53.918Z
store-syabuyo-osm-node-13091922473,chain-syabuyo,しゃぶ葉,"しゃぶ葉, 東毛広域幹線道路, 松原三丁目, 館林市, 群馬県, 347-0011, 日本",36.2342364,139.5408978,,2025-08-31T05:44:55.559Z
store-syabuyo-osm-node-13101028083,chain-syabuyo,しゃぶ葉 熊本合志店,"しゃぶ葉, 飛田バイパス, 須屋, 合志市, 熊本県, 861-1102, 日本",32.8633563,130.7329768,,2025-08-31T05:44:56.997Z
store-syabuyo-osm-way-26796531,chain-syabuyo,しゃぶ葉,"しゃぶ葉, 南大通り, 上野町, 八王子市, 東京都, 192-0902, 日本",35.6551141,139.3280343,,2025-08-31T05:44:58.456Z
store-syabuyo-osm-way-155089293,chain-syabuyo,しゃぶ葉,"しゃぶ葉, 御前田橋, 長津田みなみ台一丁目, 緑区, 横浜市, 神奈川県, 226-0018, 日本",35.524988,139.4985636,,2025-08-31T05:44:59.959Z
store-syabuyo-osm-way-184955044,chain-syabuyo,しゃぶ葉 尼崎次屋店,"しゃぶ葉, 大阪伊丹線, 次屋四丁目, 尼崎市, 兵庫県, 661-0965, 日本",34.73735,135.4415279,,2025-08-31T05:45:01.375Z
store-syabuyo-osm-way-187046127,chain-syabuyo,しゃぶ葉,"しゃぶ葉, 行政道路, 緑町3, 所沢市, 埼玉県, 359-1142, 日本",35.7967144,139.4542288,,2025-08-31T05:45:02.807Z
store-syabuyo-osm-way-189159481,chain-syabuyo,しゃぶ葉,"しゃぶ葉, 諏訪松中通り, 武蔵野二丁目, 武蔵野, 昭島市, 東京都, 196-0021, 日本",35.7225916,139.3734238,,2025-08-31T05:45:04.262Z
store-syabuyo-osm-way-193614493,chain-syabuyo,しゃぶ葉,"しゃぶ葉, 北野通, 平岡3条4丁目, 清田区, 札幌市, 石狩振興局, 北海道, 004-0873, 日本",42.9949275,141.4551685,,2025-08-31T05:45:05.664Z
store-syabuyo-osm-way-219082651,chain-syabuyo,しゃぶ葉,"しゃぶ葉, 国道406号, 大字東和田, 長野市, 長野県, 381-0038, 日本",36.6540367,138.2224465,,2025-08-31T05:45:07.125Z
store-syabuyo-osm-way-340909657,chain-syabuyo,しゃぶ葉 新横浜店,"しゃぶ葉, 横浜上麻生道路, 鳥山町, 港北区, 横浜市, 神奈川県, 231-0017, 日本",35.5035006,139.6062335,,2025-08-31T05:45:08.565Z
store-syabuyo-osm-way-345701004,chain-syabuyo,しゃぶ葉,"しゃぶ葉, 出戸橋通り, 東大宮一丁目, 見沼区, さいたま市, 埼玉県, 331-0803, 日本",35.9446645,139.6432448,,2025-08-31T05:45:10.001Z
store-syabuyo-osm-way-370676245,chain-syabuyo,しゃぶ葉,"しゃぶ葉, 多摩ニュータウン通り, 愛宕四丁目, 多摩市, 東京都, 206-0041, 日本",35.6312163,139.4328822,,2025-08-31T05:45:11.467Z
store-syabuyo-osm-way-375528130,chain-syabuyo,しゃぶ葉,"しゃぶ葉, 国道163号, 速見町, 門真市, 大阪府, 571-0042, 日本",34.7338848,135.5930664,,2025-08-31T05:45:12.905Z
store-syabuyo-osm-way-377697153,chain-syabuyo,しゃぶ葉,"しゃぶ葉, 東京街道, 雀の宮二丁目, 宇都宮市, 栃木県, 321-0153, 日本",36.5013638,139.8747797,,2025-08-31T05:45:14.324Z
store-syabuyo-osm-way-383491336,chain-syabuyo,しゃぶ葉,"しゃぶ葉, 水門橋, 金倉町, 丸亀市, 香川県, 763-0053, 日本",34.2743803,133.7693782,,2025-08-31T05:45:15.946Z
store-syabuyo-osm-way-404432313,chain-syabuyo,しゃぶ葉,"しゃぶ葉, 県道桜井岡崎線, 法性寺町, 岡崎市, 愛知県, 444-0204, 日本",34.933981,137.1450157,,2025-08-31T05:45:17.410Z
store-syabuyo-osm-way-424885945,chain-syabuyo,しゃぶ葉,"しゃぶ葉, 北大通り, 本町五丁目, 小金井市, 東京都, 184-0004, 日本",35.7056403,139.5010264,,2025-08-31T05:45:18.904Z
store-syabuyo-osm-way-447978698,chain-syabuyo,しゃぶ葉 木更津南店,"しゃぶ葉, 木更津袖ヶ浦線, 請西一丁目, 木更津市, 千葉県, 292-0804, 日本",35.3738371,139.9344865,,2025-08-31T05:45:20.345Z
store-syabuyo-osm-way-457407375,chain-syabuyo,しゃぶ葉,"しゃぶ葉, 陸前浜街道, 金沢町一丁目, 日立市, 茨城県, 316-0002, 日本",36.5399152,140.6217262,,2025-08-31T05:45:21.775Z
store-syabuyo-osm-way-465634510,chain-syabuyo,しゃぶ葉,"しゃぶ葉, 彦根港彦根停車場線, 尾末町, 彦根, 彦根市, 滋賀県, 522-8501, 日本",35.2782524,136.2584341,,2025-08-31T05:45:23.205Z
store-syabuyo-osm-way-520517939,chain-syabuyo,しゃぶ葉,326-0823 栃木県 足利市 2 10-5,36.3184443,139.4467743,,2025-08-31T05:45:23.205Z
store-syabuyo-osm-way-537911684,chain-syabuyo,しゃぶ葉,"しゃぶ葉, 国道4号, 松山町, 福島市, 福島県, 960-0111, 日本",37.7789569,140.4859397,,2025-08-31T05:45:24.653Z
store-syabuyo-osm-way-539225209,chain-syabuyo,しゃぶ葉,"しゃぶ葉, せせらぎの道, 佐井寺南が丘, 吹田市, 大阪府, 565-0841, 日本",34.7801767,135.5177877,,2025-08-31T05:45:26.072Z
store-syabuyo-osm-way-590416785,chain-syabuyo,しゃぶ葉,"しゃぶ葉, おゆみの道, おゆみ野中央一丁目, 緑区, 千葉市, 千葉県, 260-8685, 日本",35.5537123,140.1596933,,2025-08-31T05:45:27.610Z
store-syabuyo-osm-way-606201421,chain-syabuyo,しゃぶ葉 倉敷八王寺店,710-0816 岡山県倉敷市八王寺町103-1,34.603522,133.7517187,,2025-08-31T05:45:27.610Z
store-syabuyo-osm-way-658669044,chain-syabuyo,しゃぶ葉,"しゃぶ葉, 国道18号, 中央東, 上田市, 長野県, 386-0005, 日本",36.4031965,138.2621596,,2025-08-31T05:45:29.052Z
store-syabuyo-osm-way-714714547,chain-syabuyo,しゃぶ葉,"しゃぶ葉, きよみ通り, 山王二丁目, 博多区, 福岡市, 福岡県, 812-0016, 日本",33.5785902,130.4321677,,2025-08-31T05:45:30.475Z
store-syabuyo-osm-way-739742904,chain-syabuyo,しゃぶ葉,"しゃぶ葉, 大阪中央環状線, 若江北町一丁目, 東大阪市, 大阪府, 578-0945, 日本",34.6619757,135.5992102,,2025-08-31T05:45:32.035Z
store-syabuyo-osm-way-758699353,chain-syabuyo,しゃぶ葉 浜松入野店,"しゃぶ葉, 浜松雄踏線, 入野町, 中央区, 浜松市, 静岡県, 432-8061, 日本",34.6989209,137.6755895,,2025-08-31T05:45:33.450Z
store-syabuyo-osm-way-797528443,chain-syabuyo,しゃぶ葉,"しゃぶ葉, 伊勢崎本庄線, 連取元町, 伊勢崎市, 群馬県, 372-0031, 日本",36.3101101,139.1842341,,2025-08-31T05:45:34.849Z
store-syabuyo-osm-way-807033260,chain-syabuyo,しゃぶ葉,980-0801 宮城県 仙台市 青葉区 2丁目 6 65,38.2739687,140.8682829,,2025-08-31T05:45:34.849Z
store-syabuyo-osm-way-842027574,chain-syabuyo,しゃぶ葉 北上店,岩手県 北上市,39.2876079,141.1041717,,2025-08-31T05:45:34.849Z
store-syabuyo-osm-way-846137475,chain-syabuyo,しゃぶ葉,"しゃぶ葉, 大阪高槻線, 新在家二丁目, 摂津市, 大阪府, 566-0053, 日本",34.7691307,135.5700188,,2025-08-31T05:45:36.311Z
store-syabuyo-osm-way-846404066,chain-syabuyo,しゃぶ葉 苫小牧店,053-0054 北海道 苫小牧市 明野新町二丁目 2 6,42.6542107,141.6301883,,2025-08-31T05:45:36.312Z
store-syabuyo-osm-way-848765635,chain-syabuyo,しゃぶ葉,"しゃぶ葉, 3919伏屋町１９号線, 伏屋町, 和泉市, 大阪府, 594-1101, 日本",34.4741296,135.4729883,,2025-08-31T05:45:37.747Z
store-syabuyo-osm-way-849203630,chain-syabuyo,しゃぶ葉,"しゃぶ葉, 空港線, 堀田通九丁目, 瑞穂区, 名古屋市, 愛知県, 467-0856, 日本",35.1217805,136.9204838,,2025-08-31T05:45:39.178Z
store-syabuyo-osm-way-881323773,chain-syabuyo,しゃぶ葉,"しゃぶ葉, 甲州街道, 多摩平五丁目, 高倉町, 八王子市, 東京都, 192-0033, 日本",35.6680026,139.3691859,,2025-08-31T05:45:40.613Z
store-syabuyo-osm-way-881323774,chain-syabuyo,しゃぶ葉,"しゃぶ葉, 甲州街道, 多摩平五丁目, 高倉町, 八王子市, 東京都, 192-0033, 日本",35.6679217,139.3692904,,2025-08-31T05:45:42.046Z
store-syabuyo-osm-way-972882446,chain-syabuyo,しゃぶ葉 勝田店,"しゃぶ葉, 昭和通り, 笹野町一丁目, ひたちなか市, 茨城県, 312-0018, 日本",36.397818,140.553901,,2025-08-31T05:45:43.486Z
store-syabuyo-osm-way-995566749,chain-syabuyo,しゃぶ葉,"しゃぶ葉, 平野守口線, 平野北二丁目, 平野区, 大阪市, 大阪府, 547-0041, 日本",34.6329978,135.5531918,,2025-08-31T05:45:44.947Z
store-syabuyo-osm-way-1010125696,chain-syabuyo,しゃぶ葉,981-3117 宮城県 仙台市 泉区 字楢町 125,38.3182599,140.8992484,,2025-08-31T05:45:44.947Z
store-syabuyo-osm-way-1028943780,chain-syabuyo,しゃぶ葉,"しゃぶ葉, 産業道路, 萩園, 茅ヶ崎市, 神奈川県, 253-0071, 日本",35.3459073,139.3796625,,2025-08-31T05:45:46.360Z
store-syabuyo-osm-way-1054211356,chain-syabuyo,しゃぶ葉,"しゃぶ葉, やまびこ道路, 出川三丁目, 松本市, 長野県, 390-0821, 日本",36.2159499,137.9794629,,2025-08-31T05:45:47.773Z
store-syabuyo-osm-way-1079044465,chain-syabuyo,しゃぶ葉,"しゃぶ葉, 都市軸道路, おおたかの森北一丁目, 流山市, 千葉県, 270-0119, 日本",35.8761183,139.9254607,,2025-08-31T05:45:49.214Z
store-syabuyo-osm-way-1083097157,chain-syabuyo,しゃぶ葉 草加清門町店,3400055 埼玉県 草加市 国道4号 清門2-1-48,35.8511211,139.7842909,,2025-08-31T05:45:49.214Z
store-syabuyo-osm-way-1192240092,chain-syabuyo,しゃぶ葉,"しゃぶ葉, 国道204号, 春日町, 佐世保市, 長崎県, 857-0028, 日本",33.1913587,129.718324,,2025-08-31T05:45:50.652Z
store-syabuyo-osm-way-1205253692,chain-syabuyo,しゃぶ葉 東広島フジグラン店,"しゃぶ葉, 国道375号, 西条町御薗宇, 長者, 東広島市, 広島県, 739-0024, 日本",34.4067952,132.7499909,,2025-08-31T05:45:52.095Z
store-syabuyo-osm-way-1209060761,chain-syabuyo,しゃぶ葉,"しゃぶ葉, 鳥羽松阪線, 小俣町宮前, 伊勢市, 三重県, 516-0037, 日本",34.4925935,136.6764713,,2025-08-31T05:45:53.516Z
store-syabuyo-osm-way-1265755249,chain-syabuyo,しゃぶ葉,"しゃぶ葉, 岡崎碧南線, 住崎町, 西尾市, 愛知県, 444-0302, 日本",34.8608552,137.0442817,,2025-08-31T05:45:54.927Z
store-syabuyo-osm-way-1266668476,chain-syabuyo,しゃぶ葉 上越インター店,"しゃぶ葉, 板倉直江津線, 下門前, 上越市, 新潟県, 943-0173, 日本",37.1545375,138.2546445,,2025-08-31T05:45:56.383Z
store-syabuyo-osm-way-1301796215,chain-syabuyo,しゃぶ葉,"しゃぶ葉, 今宿新道, 原二丁目, 早良区, 福岡市, 福岡県, 814-0021, 日本",33.5678251,130.347955,,2025-08-31T05:45:57.926Z
store-syabuyo-osm-way-1311166537,chain-syabuyo,しゃぶ葉,"しゃぶ葉, 国道8号, 勝町, 長浜, 長浜市, 滋賀県, 526-0001, 日本",35.3831677,136.2845337,,2025-08-31T05:45:59.352Z
store-syabuyo-osm-way-1327464037,chain-syabuyo,しゃぶ葉,"しゃぶ葉, 旧中山道, 本宿八丁目, 北本市, 埼玉県, 364-0005, 日本",36.0164609,139.5484776,,2025-08-31T05:46:00.787Z
store-syabuyo-osm-way-1329091184,chain-syabuyo,しゃぶ葉,"しゃぶ葉, 国道50号, 神山二丁目, 小山市, 栃木県, 323-0820, 日本",36.3007138,139.8043944,,2025-08-31T05:46:02.243Z
store-syabuyo-osm-way-1376963989,chain-syabuyo,しゃぶ葉,"しゃぶ葉, 国道269号, 清武町加納一丁目, 宮崎市, 宮崎県, 880-8505, 日本",31.8700712,131.3926517,,2025-08-31T05:46:04.268Z
store-kappasushi-osm-node-951494772,chain-kappasushi,かっぱ寿司,"かっぱ寿司, 千石通り, 千石町, 会津若松市, 福島県, 965-0817, 日本",37.5011714,139.9423545,,2025-08-31T08:46:49.644Z
store-kappasushi-osm-node-1153879608,chain-kappasushi,かっぱ寿司,"かっぱ寿司, 枚方交野寝屋川線, 川勝町, 寝屋川市, 大阪府, 572-0013, 日本",34.7679026,135.6457409,,2025-08-31T08:46:51.091Z
store-kappasushi-osm-node-1700859966,chain-kappasushi,かっぱ寿司,"かっぱ寿司, 国道129号, 四之宮二丁目, 平塚市, 神奈川県, 254-0027, 日本",35.3491415,139.355347,,2025-08-31T08:46:52.523Z
store-kappasushi-osm-node-1726100020,chain-kappasushi,かっぱ寿司 仙台中野栄店,983-0013 宮城県 仙台市 宮城野区 16 4,38.2806646,140.9859135,,2025-08-31T08:46:52.523Z
store-kappasushi-osm-node-1740539258,chain-kappasushi,かっぱ寿司,"かっぱ寿司, ユリノキ通り, 豊町四丁目, 春日部市, 埼玉県, 344-0066, 日本",35.969422,139.7527178,,2025-08-31T08:46:53.956Z
store-kappasushi-osm-node-1757672493,chain-kappasushi,かっぱ寿司 三鷹店,"かっぱ寿司, 東八道路, 新川, 三鷹市, 東京都, 181-0004, 日本",35.6814252,139.5674254,,2025-08-31T08:46:55.383Z
store-kappasushi-osm-node-1791347938,chain-kappasushi,かっぱ寿司 南アルプス店,"かっぱ寿司, 富士川街道, 百々, 南アルプス市, 山梨県, 400-0206, 日本",35.6197014,138.4649699,,2025-08-31T08:46:56.798Z
store-kappasushi-osm-node-1792579547,chain-kappasushi,かっぱ寿司 甲府向町店,"かっぱ寿司, 和戸通り, 向町, 甲府市, 山梨県, 400-0814, 日本",35.6467419,138.6127778,,2025-08-31T08:46:58.210Z
store-kappasushi-osm-node-1812916927,chain-kappasushi,かっぱ寿司,"かっぱ寿司, アルプス通り, 清水新居, 昭和町, 中巨摩郡, 山梨県, 409-3867, 日本",35.6514851,138.5438409,,2025-08-31T08:46:59.742Z
store-kappasushi-osm-node-1874216097,chain-kappasushi,かっぱ寿司 水主町店,愛知県名古屋市中村区名駅南5-1-24,35.1593182,136.8908716,,2025-08-31T08:46:59.742Z
store-kappasushi-osm-node-1931810087,chain-kappasushi,かっぱ寿司,"かっぱ寿司, 旧中山道, 植竹町一丁目, 北区, さいたま市, 埼玉県, 331-0813, 日本",35.928527,139.6209398,,2025-08-31T08:47:01.189Z
store-kappasushi-osm-node-1954833605,chain-kappasushi,かっぱ寿司,"かっぱ寿司, 中原街道, 都岡町, 旭区, 横浜市, 神奈川県, 241-0805, 日本",35.4877403,139.5230771,,2025-08-31T08:47:02.635Z
store-kappasushi-osm-node-2007794666,chain-kappasushi,かっぱ寿司,"かっぱ寿司, 中山道, 緑丘四丁目, 上尾市, 埼玉県, 362-0015, 日本",35.9902045,139.5799901,,2025-08-31T08:47:04.112Z
store-kappasushi-osm-node-2009677114,chain-kappasushi,かっぱ寿司,"かっぱ寿司, 福岡日田線, 錦町三丁目, 大野城市, 福岡県, 816-8510, 日本",33.5387238,130.4765375,,2025-08-31T08:47:05.575Z
store-kappasushi-osm-node-2035590906,chain-kappasushi,かっぱ寿司,"かっぱ寿司, 成田両国線, 中木戸, 富里市, 千葉県, 286-0221, 日本",35.7403233,140.3201925,,2025-08-31T08:47:07.112Z
store-kappasushi-osm-node-2071056922,chain-kappasushi,かっぱ寿司,"かっぱ寿司, 国道175号, 和坂稲荷町, 明石市, 兵庫県, 673-0028, 日本",34.6543254,134.9755589,,2025-08-31T08:47:08.652Z
store-kappasushi-osm-node-2130217618,chain-kappasushi,かっぱ寿司,"かっぱ寿司, 栃木バイパス, 薗部町三丁目, 栃木市, 栃木県, 328-0074, 日本",36.383689,139.716599,,2025-08-31T08:47:10.184Z
store-kappasushi-osm-node-2179291746,chain-kappasushi,かっぱ寿司,"かっぱ寿司, 産業道路, 稲荷木一丁目, 市川市, 千葉県, 272-0023, 日本",35.712741,139.925241,,2025-08-31T08:47:11.618Z
store-kappasushi-osm-node-2230679247,chain-kappasushi,かっぱ寿司 川越店,"かっぱ寿司, 富士見川越バイパス, 小仙波, 川越市, 埼玉県, 350-0031, 日本",35.9158431,139.4999473,,2025-08-31T08:47:13.062Z
store-kappasushi-osm-node-2339028816,chain-kappasushi,かっぱ寿司,"かっぱ寿司, 県道名古屋一宮線, 大宮一丁目, 一宮市, 愛知県, 491-0044, 日本",35.3098114,136.7984104,,2025-08-31T08:47:14.484Z
store-kappasushi-osm-node-2419735811,chain-kappasushi,かっぱ寿司,"かっぱ寿司, 国道477号, 大字宿野, 菰野町, 三重郡, 三重県, 510-1232, 日本",35.0033811,136.5299575,,2025-08-31T08:47:15.897Z
store-kappasushi-osm-node-2456466748,chain-kappasushi,かっぱ寿司,"かっぱ寿司, 土岐可児線, 羽崎, 可児市, 岐阜県, 509-0292, 日本",35.4140164,137.0598084,,2025-08-31T08:47:17.350Z
store-kappasushi-osm-node-2482080082,chain-kappasushi,かっぱ寿司,"かっぱ寿司, 春日井稲沢線, 井瀬木, 北名古屋市, 愛知県, 481-0041, 日本",35.2414154,136.880211,,2025-08-31T08:47:18.785Z
store-kappasushi-osm-node-2501476994,chain-kappasushi,かっぱ寿司,"かっぱ寿司, 国道41号, 青山, 小牧市, 西春日井郡, 愛知県, 485-0078, 日本",35.2741587,136.9073994,,2025-08-31T08:47:20.219Z
store-kappasushi-osm-node-2518146766,chain-kappasushi,かっぱ寿司,"かっぱ寿司, 市役所通り, 三谷北通二丁目, 蒲郡市, 愛知県, 443-0022, 日本",34.8206313,137.2425484,,2025-08-31T08:47:21.669Z
store-kappasushi-osm-node-2518190808,chain-kappasushi,かっぱ寿司,"かっぱ寿司, 国道147号, 大町市, 長野県, 398-0002, 日本",36.4825927,137.8510109,,2025-08-31T08:47:23.105Z
store-kappasushi-osm-node-2554110730,chain-kappasushi,かっぱ寿司,"かっぱ寿司, 国道9号, 西つつじケ丘五月台一丁目, 亀岡市, 京都府, 621-0854, 日本",35.0036924,135.5910646,,2025-08-31T08:47:24.656Z
store-kappasushi-osm-node-2641816825,chain-kappasushi,かっぱ寿司 浜松三方原店,"かっぱ寿司, 磐田細江線, 葵西五丁目, 葵西, 中央区, 浜松市, 静岡県, 433-8105, 日本",34.7785388,137.7039494,,2025-08-31T08:47:26.104Z
store-kappasushi-osm-node-2688323913,chain-kappasushi,かっぱ寿司,"かっぱ寿司, 浜北袋井線, 本沢合, 浜名区, 浜松市, 静岡県, 434-0014, 日本",34.8095877,137.8026218,,2025-08-31T08:47:27.506Z
store-kappasushi-osm-node-2696096379,chain-kappasushi,かっぱ寿司,"かっぱ寿司, 浜北袋井線, 堀越二丁目, 袋井市, 静岡県, 437-0064, 日本",34.749064,137.9102544,,2025-08-31T08:47:28.905Z
store-kappasushi-osm-node-2696243702,chain-kappasushi,かっぱ寿司,"かっぱ寿司, 藤沢街道, 下和田, 大和市, 神奈川県, 242-0015, 日本",35.425629,139.468688,,2025-08-31T08:47:30.367Z
store-kappasushi-osm-node-2764140358,chain-kappasushi,かっぱ寿司,"かっぱ寿司, 高島大津線, 茶が崎, 大津市, 滋賀県, 520-0025, 日本",35.0209188,135.8610868,,2025-08-31T08:47:31.782Z
store-kappasushi-osm-node-2800847602,chain-kappasushi,かっぱ寿司,"かっぱ寿司, 松本バイパス, 芳野, 松本市, 長野県, 390-0833, 日本",36.2120518,137.9611082,,2025-08-31T08:47:33.223Z
store-kappasushi-osm-node-2825654022,chain-kappasushi,かっぱ寿司 堺美原店,"かっぱ寿司, 国道309号, 黒山, 美原区, 堺市, 大阪府, 540-8570, 日本",34.5396146,135.5603466,,2025-08-31T08:47:34.663Z
store-kappasushi-osm-node-2895462403,chain-kappasushi,かっぱ寿司,"かっぱ寿司, 五条通, 西院久保田町, 右京区, 京都市, 京都府, 616-0000, 日本",34.9959277,135.7202779,,2025-08-31T08:47:36.105Z
store-kappasushi-osm-node-2940316641,chain-kappasushi,かっぱ寿司 静岡有明店,"かっぱ寿司, 産業館西通り, 有明町, 駿河区, 静岡市, 静岡県, 422-8550, 日本",34.9671357,138.4083403,,2025-08-31T08:47:37.525Z
store-kappasushi-osm-node-2987357237,chain-kappasushi,かっぱ寿司,"かっぱ寿司, 大鰐浪岡線, 寿町, 黒石市, 青森県, 036-0367, 日本",40.6469947,140.6019485,,2025-08-31T08:47:38.964Z
store-kappasushi-osm-node-3122146763,chain-kappasushi,かっぱ寿司,"かっぱ寿司, 東京湾岸道路, 稲毛海岸四丁目, 美浜区, 千葉市, 千葉県, 263-0042, 日本",35.625232,140.09092,,2025-08-31T08:47:40.394Z
store-kappasushi-osm-node-3259551362,chain-kappasushi,かっぱ寿司,"かっぱ寿司, 先斗町通, 鍋屋町, 中京区, 京都市, 京都府, 604-8023, 日本",35.005754,135.771234,,2025-08-31T08:47:41.892Z
store-kappasushi-osm-node-3269015199,chain-kappasushi,かっぱ寿司,"かっぱ寿司, 郡山停車場線, 図景一丁目, 郡山市, 福島県, 963-8832, 日本",37.375631,140.3743547,,2025-08-31T08:47:43.361Z
store-kappasushi-osm-node-3359332432,chain-kappasushi,かっぱ寿司,"かっぱ寿司, 小出奥只見線, 井口新田, 魚沼市, 新潟県, 946-0024, 日本",37.2286139,138.9699559,,2025-08-31T08:47:44.800Z
store-kappasushi-osm-node-3399436045,chain-kappasushi,かっぱ寿司,"かっぱ寿司, 環七北通り, 谷在家, 鹿浜, 足立区, 東京都, 123-0863, 日本",35.7832212,139.7696074,,2025-08-31T08:47:46.240Z
store-kappasushi-osm-node-3589563757,chain-kappasushi,かっぱ寿司 富岡店,"かっぱ寿司, 富岡バイパス, 別保, 富岡市, 群馬県, 370-2316, 日本",36.2643251,138.8922124,,2025-08-31T08:47:47.764Z
store-kappasushi-osm-node-3770384503,chain-kappasushi,かっぱ寿司,"かっぱ寿司, 国道299号, 大字野田, 飯能市, 埼玉県, 358-0054, 日本",35.8456515,139.3415133,,2025-08-31T08:47:49.194Z
store-kappasushi-osm-node-3928040489,chain-kappasushi,かっぱ寿司,"かっぱ寿司, 国道1号, 法華二丁目, 中川区, 名古屋市, 愛知県, 454-0934, 日本",35.1243727,136.8486033,,2025-08-31T08:47:50.639Z
store-kappasushi-osm-node-4008110367,chain-kappasushi,かっぱ寿司 豊橋飯村店,"かっぱ寿司, 国道1号, 五丁目, 豊橋市, 愛知県, 440-0837, 日本",34.7480666,137.4140024,,2025-08-31T08:47:52.095Z
store-kappasushi-osm-node-4017453445,chain-kappasushi,かっぱ寿司 鶴見諸口店,538-0051 大阪府 大阪市 鶴見区 1丁目 1 6,34.6972674,135.5752878,,2025-08-31T08:47:52.095Z
store-kappasushi-osm-node-4101081389,chain-kappasushi,かっぱ寿司,"かっぱ寿司, 宮野大歳線, 勝井, 維新公園３丁目, 維新公園, 山口市, 山口県, 753-0851, 日本",34.157657,131.4437792,,2025-08-31T08:47:53.525Z
store-kappasushi-osm-node-4164180985,chain-kappasushi,かっぱ寿司,"かっぱ寿司, 国道45号, 大街道西三丁目, 東松島市, 宮城県, 986-0853, 日本",38.4306449,141.2572516,,2025-08-31T08:47:55.546Z
store-kappasushi-osm-node-4252304643,chain-kappasushi,かっぱ寿司,"かっぱ寿司, 京阪国道, 田口四丁目, 枚方市, 大阪府, 573-1155, 日本",34.8261674,135.6830469,,2025-08-31T08:47:56.980Z
store-kappasushi-osm-node-4359719244,chain-kappasushi,かっぱ寿司,"かっぱ寿司, 国道349号, 船引町東部台四丁目, 田村市, 福島県, 963-4312, 日本",37.4352594,140.5923254,,2025-08-31T08:47:58.373Z
store-kappasushi-osm-node-4370629680,chain-kappasushi,かっぱ寿司 松戸店,"Audi, 水戸街道, 緑ケ丘一丁目, 松戸市, 千葉県, 271-0074, 日本",35.7870442,139.9092365,,2025-08-31T08:47:59.848Z
store-kappasushi-osm-node-4475138306,chain-kappasushi,かっぱ寿司,"かっぱ寿司, 国道1号, 東栄町三丁目, 安城市, 愛知県, 446-0007, 日本",34.9850635,137.090571,,2025-08-31T08:48:01.281Z
store-kappasushi-osm-node-4485628090,chain-kappasushi,かっぱ寿司 仙台長町店,982-0023 宮城県 仙台市 太白区 一丁目 1 30,38.2323092,140.8769899,,2025-08-31T08:48:01.282Z
store-kappasushi-osm-node-4516795393,chain-kappasushi,かっぱ寿司 名取店,981-1224 宮城県 名取市 五丁目 580 8,38.176271,140.8900579,,2025-08-31T08:48:01.282Z
store-kappasushi-osm-node-4568707403,chain-kappasushi,かっぱ寿司,"かっぱ寿司, 佐野バイパス, 越名町, 佐野市, 栃木県, 327-0826, 日本",36.296586,139.6052405,,2025-08-31T08:48:02.713Z
store-kappasushi-osm-node-4628694776,chain-kappasushi,かっぱ寿司,"かっぱ寿司, 新下関停車場線, 伊倉新町一丁目, 下関市, 山口県, 751-0869, 日本",34.0061325,130.936592,,2025-08-31T08:48:04.148Z
store-kappasushi-osm-node-4686742819,chain-kappasushi,かっぱ寿司,"かっぱ寿司, 富士由比線, 柚木, 橋下, 富士市, 静岡県, 416-0912, 日本",35.1577947,138.6457571,,2025-08-31T08:48:05.582Z
store-kappasushi-osm-node-4822638916,chain-kappasushi,かっぱ寿司,"かっぱ寿司, 長岡七日市線, 堺東町, 長岡市, 新潟県, 940-2081, 日本",37.4571539,138.8091507,,2025-08-31T08:48:06.972Z
store-kappasushi-osm-node-4895165066,chain-kappasushi,かっぱ寿司,"かっぱ寿司, 出来町通, 白壁四丁目, 東区, 名古屋市, 愛知県, 461-0011, 日本",35.1835394,136.9151311,,2025-08-31T08:48:08.391Z
store-kappasushi-osm-node-4921860565,chain-kappasushi,かっぱ寿司,"かっぱ寿司, 鎌倉街道, 上大岡西一丁目, 上大岡西, 港南区, 横浜市, 神奈川県, 233-0002, 日本",35.4076874,139.5951571,,2025-08-31T08:48:09.840Z
store-kappasushi-osm-node-4941543763,chain-kappasushi,かっぱ寿司,"かっぱ寿司, 22, 6丁目, 東柏ケ谷, 海老名市, 神奈川県, 243-0401, 日本",35.4686427,139.4344895,,2025-08-31T08:48:11.316Z
store-kappasushi-osm-node-5002782763,chain-kappasushi,かっぱ寿司,"かっぱ寿司, 国道112号, 桜田東二丁目, 山形市, 山形県, 990-2324, 日本",38.2252517,140.326602,,2025-08-31T08:48:12.756Z
store-kappasushi-osm-node-5013407352,chain-kappasushi,かっぱ寿司,"かっぱ寿司, 国道13号, 東谷地田町, 新庄市, 山形県, 996-0002, 日本",38.754519,140.3110195,,2025-08-31T08:48:14.182Z
store-kappasushi-osm-node-5028762294,chain-kappasushi,かっぱ寿司,"かっぱ寿司, 中十条赤羽線, 中十条二丁目, 中十条, 北区, 東京都, 114-0032, 日本",35.7618362,139.7254387,,2025-08-31T08:48:15.608Z
store-kappasushi-osm-node-5036098668,chain-kappasushi,かっぱ寿司 佐沼店,"かっぱ寿司, 古川佐沼線, 南方町新島前, 登米市, 宮城県, 987-0412, 日本",38.6905239,141.1905588,,2025-08-31T08:48:17.023Z
store-kappasushi-osm-node-5085419542,chain-kappasushi,かっぱ寿司,"かっぱ寿司, 国道139号, 新西原四丁目, 富士吉田市, 山梨県, 403-0016, 日本",35.4791336,138.7860636,,2025-08-31T08:48:18.481Z
store-kappasushi-osm-node-5099960827,chain-kappasushi,かっぱ寿司 寒河江店,"かっぱ寿司, 寒河江バイパス, 高田三丁目, 寒河江市, 山形県, 991-0023, 日本",38.3659223,140.289289,,2025-08-31T08:48:19.918Z
store-kappasushi-osm-node-5102528968,chain-kappasushi,かっぱ寿司,"かっぱ寿司, 国道246号, 渋沢三丁目, 秦野市, 神奈川県, 257-0015, 日本",35.371783,139.1975666,,2025-08-31T08:48:21.362Z
store-kappasushi-osm-node-5152908477,chain-kappasushi,かっぱ寿司,"かっぱ寿司, Interchanging footway, 上野四丁目, 上野, 台東区, 東京都, 110-0005, 日本",35.7081869,139.7743166,,2025-08-31T08:48:22.906Z
store-kappasushi-osm-node-5177796635,chain-kappasushi,かっぱ寿司 由利本荘店,"かっぱ寿司, 国道7号, 砂子下, 田尻, 由利本荘市, 秋田県, 015-0876, 日本",39.3922055,140.0295517,,2025-08-31T08:48:24.333Z
store-kappasushi-osm-node-5203695435,chain-kappasushi,かっぱ寿司,"かっぱ寿司, 国道13号, 千石町一丁目, 湯沢市, 秋田県, 012-0043, 日本",39.1584208,140.4895844,,2025-08-31T08:48:25.780Z
store-kappasushi-osm-node-5248173769,chain-kappasushi,かっぱ寿司,"かっぱ寿司, 新山梨環状道路（韮崎南アルプス中央線）, 上三條, 中央市, 山梨県, 409-3803, 日本",35.606875,138.543608,,2025-08-31T08:48:27.290Z
store-kappasushi-osm-node-5277422428,chain-kappasushi,かっぱ寿司 秋田広面店,"かっぱ寿司, 横山金足線, 広面, 広面字堤敷, 秋田市, 秋田県, 010-0041, 日本",39.7281209,140.1473341,,2025-08-31T08:48:28.832Z
store-kappasushi-osm-node-5289213383,chain-kappasushi,かっぱ寿司,"かっぱ寿司, 下半田川春日井線, 神領町二丁目, 春日井市, 愛知県, 463-8503, 日本",35.2572979,137.0163832,,2025-08-31T08:48:30.278Z
store-kappasushi-osm-node-5295190821,chain-kappasushi,かっぱ寿司,"かっぱ寿司, 舞子多聞線, 清水が丘三丁目, 垂水区, 神戸市, 兵庫県, 655-0031, 日本",34.6505537,135.0356337,,2025-08-31T08:48:31.703Z
store-kappasushi-osm-node-5453930530,chain-kappasushi,かっぱ寿司,"かっぱ寿司, 西那須野バイパス, 五軒町, CRTハウジング, 那須塩原市, 栃木県, 329-2705, 日本",36.8897378,139.9753518,,2025-08-31T08:48:33.127Z
store-kappasushi-osm-node-5485941746,chain-kappasushi,かっぱ寿司 たかのす店,"かっぱ寿司, 鷹巣バイパス, 伊勢町, 北秋田市, 秋田県, 018-3302, 日本",40.2299653,140.3821101,,2025-08-31T08:48:34.571Z
store-kappasushi-osm-node-5503086228,chain-kappasushi,かっぱ寿司,"かっぱ寿司, 城北通り, 山根, 津山市, 岡山県, 708-0832, 日本",35.0703857,134.0139395,,2025-08-31T08:48:35.996Z
store-kappasushi-osm-node-5572421925,chain-kappasushi,かっぱ寿司,"かっぱ寿司, 伊東修善寺線, 南町二丁目, 伊東市, 静岡県, 414-0055, 日本",34.9552811,139.0898161,,2025-08-31T08:48:37.424Z
store-kappasushi-osm-node-5630677940,chain-kappasushi,かっぱ寿司,"かっぱ寿司, 日光街道, 大房, 越谷市, 埼玉県, 343-0031, 日本",35.9155118,139.7817195,,2025-08-31T08:48:38.830Z
store-kappasushi-osm-node-5640662521,chain-kappasushi,かっぱ寿司,"かっぱ寿司, 国道1号, 八幡, 三島市, 駿東郡, 静岡県, 411-0902, 日本",35.1086449,138.9097431,,2025-08-31T08:48:40.271Z
store-kappasushi-osm-node-5643354824,chain-kappasushi,かっぱ寿司,"かっぱ寿司, 仙台バイパス, 天神沢一丁目, 泉区, 仙台市, 宮城県, 981-3105, 日本",38.3250567,140.8953701,,2025-08-31T08:48:41.732Z
store-kappasushi-osm-node-5665229326,chain-kappasushi,かっぱ寿司,"かっぱ寿司, 坂戸バイパス, 脚折町四丁目, 鶴ヶ島市, 埼玉県, 350-2213, 日本",35.9442807,139.3940408,,2025-08-31T08:48:43.271Z
store-kappasushi-osm-node-5682242453,chain-kappasushi,かっぱ寿司,"かっぱ寿司, 小松山中線, 上荒屋町, 小松市, 石川県, 923-0326, 日本",36.3325962,136.447203,,2025-08-31T08:48:44.805Z
store-kappasushi-osm-node-5869824734,chain-kappasushi,かっぱ寿司,"かっぱ寿司, 長野荒瀬原線, 稲田一丁目, 長野市, 長野県, 381-0045, 日本",36.6741583,138.2174003,,2025-08-31T08:48:46.234Z
store-kappasushi-osm-node-6003315452,chain-kappasushi,かっぱ寿司 鎌ヶ谷店,"かっぱ寿司, 木下街道, 堀込三丁目, 鎌ケ谷市, 千葉県, 270-1432, 日本",35.7658604,140.019266,,2025-08-31T08:48:48.197Z
store-kappasushi-osm-node-6109252435,chain-kappasushi,かっぱ寿司,"かっぱ寿司, 目白通り, 貫井, 練馬区, 東京都, 176-0023, 日本",35.7397764,139.6381608,,2025-08-31T08:48:49.638Z
store-kappasushi-osm-node-6222658358,chain-kappasushi,かっぱ寿司 尾道店,広島県 尾道市,34.4024668,133.1839445,,2025-08-31T08:48:49.638Z
store-kappasushi-osm-node-6313709572,chain-kappasushi,かっぱ寿司,410-0302 静岡県 沼津市 字春ノ木 496 3,35.1169084,138.8353628,,2025-08-31T08:48:49.638Z
store-kappasushi-osm-node-6364200399,chain-kappasushi,かっぱ寿司 松原店,"かっぱ寿司, 堺大和高田線, 上田四丁目, 松原市, 大阪府, 580-8799, 日本",34.5746606,135.5529669,,2025-08-31T08:48:51.083Z
store-kappasushi-osm-node-6433415263,chain-kappasushi,かっぱ寿司,"かっぱ寿司, 国道158号, 渚三丁目, 松本市, 長野県, 390-0852, 日本",36.2320287,137.9489199,,2025-08-31T08:48:52.522Z
store-kappasushi-osm-node-6443888631,chain-kappasushi,かっぱ寿司,"かっぱ寿司, 都市計画道路南浦和越谷線, 円正寺, 南区, 川口市, 埼玉県, 336-0042, 日本",35.8533913,139.6984065,,2025-08-31T08:48:54.019Z
store-kappasushi-osm-node-6531739086,chain-kappasushi,かっぱ寿司,"かっぱ寿司, 中和幹線, 東新堂, 桜井市, 奈良県, 633-0061, 日本",34.5224355,135.8299489,,2025-08-31T08:48:55.451Z
store-kappasushi-osm-node-6752009257,chain-kappasushi,かっぱ寿司,"かっぱ寿司, ナイスロード, 下新田, 伊那市, 長野県, 396-0025, 日本",35.8280411,137.9604459,,2025-08-31T08:48:56.890Z
store-kappasushi-osm-node-6907482285,chain-kappasushi,かっぱ寿司 上尾店,"かっぱ寿司, 川越上尾線, 大字向山, 上尾市, 埼玉県, 362-0082, 日本",35.9579579,139.5805587,,2025-08-31T08:48:58.420Z
store-kappasushi-osm-node-6908391086,chain-kappasushi,かっぱ寿司 総社店,"かっぱ寿司, 市役所通り (Shiyakusho dōri), 総社三丁目, 総社市, 岡山県, 719-1126, 日本",34.6763204,133.7601326,,2025-08-31T08:48:59.870Z
store-kappasushi-osm-node-7140687950,chain-kappasushi,かっぱ寿司 十和田店,"かっぱ寿司, 三本木大通り, 元町東一丁目, 十和田市, 青森県, 034-0017, 日本",40.6192052,141.2096462,,2025-08-31T08:49:01.310Z
store-kappasushi-osm-node-7392657906,chain-kappasushi,かっぱ寿司,"かっぱ寿司, 男山１号線, 男山弓岡, 八幡市, 京都府, 614-8363, 日本",34.8551543,135.6994293,,2025-08-31T08:49:02.749Z
store-kappasushi-osm-node-7562272113,chain-kappasushi,かっぱ寿司 青森西バイパス店,"かっぱ寿司, 青森西バイパス, 三好二丁目, 青森市, 青森県, 038-0006, 日本",40.8298554,140.7047625,,2025-08-31T08:49:04.177Z
store-kappasushi-osm-node-7809716085,chain-kappasushi,かっぱ寿司,"かっぱ寿司, 河原町通, 奈良屋町, 中京区, 京都市, 京都府, 604-8041, 日本",35.0056124,135.7690441,,2025-08-31T08:49:05.690Z
store-kappasushi-osm-node-7895638290,chain-kappasushi,かっぱ寿司,"かっぱ寿司, 尼崎池田線, 名神町二丁目, 尼崎市, 兵庫県, 661-0021, 日本",34.7430509,135.4199828,,2025-08-31T08:49:07.174Z
store-kappasushi-osm-node-8559495417,chain-kappasushi,かっぱ寿司 千葉東寺山店,"かっぱ寿司, 作草部坂通り, 作草部二丁目, 稲毛区, 千葉市, 千葉県, 263-0016, 日本",35.6235472,140.1293278,,2025-08-31T08:49:08.864Z
store-kappasushi-osm-node-8741215353,chain-kappasushi,かっぱ寿司,"かっぱ寿司, 若葉台西樫の木通り, 若葉台三丁目, 稲城市, 東京都, 206-0824, 日本",35.6237027,139.4711415,,2025-08-31T08:49:10.319Z
store-kappasushi-osm-node-8958557843,chain-kappasushi,かっぱ寿司,"かっぱ寿司, 金沢逗子線, 逗子一丁目, 逗子市, 神奈川県, 249-0006, 日本",35.2970867,139.5763077,,2025-08-31T08:49:11.758Z
store-kappasushi-osm-node-9136796901,chain-kappasushi,かっぱ寿司 黒磯店,"かっぱ寿司, 分水通り, 豊浦, 那須塩原市, 栃木県, 325-0034, 日本",36.9646316,140.0500843,,2025-08-31T08:49:13.889Z
store-kappasushi-osm-node-9347940258,chain-kappasushi,かっぱ寿司,愛知県 瀬戸市,35.2191758,137.0801851,,2025-08-31T08:49:13.889Z
store-kappasushi-osm-node-9392186199,chain-kappasushi,かっぱ寿司,"かっぱ寿司, 成田両国線, 中木戸, 富里市, 千葉県, 286-0221, 日本",35.7406671,140.3200033,,2025-08-31T08:49:15.315Z
store-kappasushi-osm-node-9438715609,chain-kappasushi,かっぱ寿司,"かっぱ寿司, 利根水郷ライン, 唐子町, 銚子市, 千葉県, 288-0831, 日本",35.7335494,140.8147334,,2025-08-31T08:49:16.750Z
store-kappasushi-osm-node-9550769882,chain-kappasushi,かっぱ寿司,"かっぱ寿司, 国道462号, 栄一丁目, 本庄市, 埼玉県, 367-0052, 日本",36.2290064,139.1673452,,2025-08-31T08:49:18.293Z
store-kappasushi-osm-node-9568978218,chain-kappasushi,かっぱ寿司,"かっぱ寿司, 国道182号, 神辺町大字新十九, 福山市, 広島県, 720-2107, 日本",34.5419622,133.3642636,,2025-08-31T08:49:19.743Z
store-kappasushi-osm-node-9713095230,chain-kappasushi,かっぱ寿司,"かっぱ寿司, 国道150号, 片岡, 吉田町, 榛原郡, 静岡県, 421-0414, 日本",34.7609347,138.2456546,,2025-08-31T08:49:21.183Z
store-kappasushi-osm-node-9875824426,chain-kappasushi,かっぱ寿司,"かっぱ寿司, 国道126号, 南上宿, 東金市, 千葉県, 283-0068, 日本",35.5494354,140.353256,,2025-08-31T08:49:22.691Z
store-kappasushi-osm-node-9913533310,chain-kappasushi,かっぱ寿司 岡山大福店,岡山県岡山市南区大福字前阪381-1,34.6213563,133.8740844,,2025-08-31T08:49:22.691Z
store-kappasushi-osm-node-9913685995,chain-kappasushi,かっぱ寿司 三浦店,"かっぱ寿司, 国道134号, 初声町入江, 三浦市, 神奈川県, 238-0298, 日本",35.186481,139.6273754,,2025-08-31T08:49:24.123Z
store-kappasushi-osm-node-9914297810,chain-kappasushi,かっぱ寿司 倉敷店,710-0038 岡山県倉敷市新田2892-7-1,34.5809321,133.7759769,,2025-08-31T08:49:24.124Z
store-kappasushi-osm-node-10057385306,chain-kappasushi,かっぱ寿司 名古屋守山店,"かっぱ寿司, 名古屋多治見線, 平池東, 守山区, 名古屋市, 愛知県, 463-0811, 日本",35.2375997,137.0085501,,2025-08-31T08:49:25.660Z
store-kappasushi-osm-node-10063654284,chain-kappasushi,かっぱ寿司,"かっぱ寿司, 洲本五色線, 下加茂二丁目, 洲本市, 兵庫県, 656-0013, 日本",34.3464907,134.8766353,,2025-08-31T08:49:27.098Z
store-kappasushi-osm-node-10273510014,chain-kappasushi,かっぱ寿司,"かっぱ寿司, 首都高速神奈川2号三ツ沢線, 鶴屋町二丁目, 西区, 横浜市, 神奈川県, 231-0017, 日本",35.4674419,139.6214993,,2025-08-31T08:49:28.571Z
store-kappasushi-osm-node-10813142638,chain-kappasushi,かっぱ寿司,"かっぱ寿司, 国道126号, ニ, 旭市, 千葉県, 289-2614, 日本",35.7238273,140.6397253,,2025-08-31T08:49:29.999Z
store-kappasushi-osm-node-10981185015,chain-kappasushi,かっぱ寿司,"かっぱ寿司, 日光街道, 高野台東一丁目, 幸手市, 北葛飾郡, 埼玉県, 340-0155, 日本",36.0557707,139.7147975,,2025-08-31T08:49:31.446Z
store-kappasushi-osm-node-10981891158,chain-kappasushi,かっぱ寿司,"かっぱ寿司, 越谷流山線, レイクタウン二丁目, 越谷市, 埼玉県, 343-0826, 日本",35.8794946,139.8160287,,2025-08-31T08:49:32.878Z
store-kappasushi-osm-node-11218865627,chain-kappasushi,かっぱ寿司,"かっぱ寿司, 国道165号, 久居射場町, 津市, 三重県, 514-1101, 日本",34.6830619,136.4659762,,2025-08-31T08:49:34.321Z
store-kappasushi-osm-node-12041526450,chain-kappasushi,かっぱ寿司,"かっぱ寿司, 盛岡バイパス, 上田二丁目, 盛岡市, 岩手県, 020-0015, 日本",39.7175018,141.1455531,,2025-08-31T08:49:35.797Z
store-kappasushi-osm-node-12149549195,chain-kappasushi,かっぱ寿司 吉祥寺駅北口コスモビル店,180-0004 東京都 武蔵野市 1 8 3,35.7044493,139.579041,,2025-08-31T08:49:35.797Z
store-kappasushi-osm-node-12546723003,chain-kappasushi,かっぱ寿司,"かっぱ寿司, 国道18号, 国分一丁目, 上田市, 長野県, 386-0016, 日本",36.3787906,138.2739878,,2025-08-31T08:49:37.281Z
store-kappasushi-osm-node-12556757129,chain-kappasushi,かっぱ寿司 かっぱ寿司 花巻店,"かっぱ寿司, 奥羽街道, 御田屋町, 花巻市, 岩手県, 025-0066, 日本",39.3905585,141.1244928,,2025-08-31T08:49:38.765Z
store-kappasushi-osm-node-12787858181,chain-kappasushi,かっぱ寿司,"かっぱ寿司, 水戸街道, 立石五丁目, 立石, 葛飾区, 東京都, 124-0005, 日本",35.7426777,139.8425315,,2025-08-31T08:49:40.221Z
store-kappasushi-osm-way-111701264,chain-kappasushi,かっぱ寿司,"かっぱ寿司, 日立いわき線, 東田町一丁目, いわき市, 福島県, 974-8212, 日本",36.9219652,140.8014983,,2025-08-31T08:49:42.230Z
store-kappasushi-osm-way-132074775,chain-kappasushi,かっぱ寿司 豊川店,"かっぱ寿司, 千歳通, 千歳通四丁目, 豊川市, 愛知県, 442-0882, 日本",34.8178659,137.3830947,,2025-08-31T08:49:43.687Z
store-kappasushi-osm-way-155566528,chain-kappasushi,かっぱ寿司 蓮田店,"かっぱ寿司, さいたま栗橋線, 西一丁目, 蓮田市, 埼玉県, 349-0205, 日本",36.0026564,139.6549182,,2025-08-31T08:49:45.124Z
store-kappasushi-osm-way-177596590,chain-kappasushi,かっぱ寿司,"かっぱ寿司, 国道13号, 御所野下堤三丁目, 四ツ小屋小阿地字大杉沢, 秋田市, 秋田県, 010-1413, 日本",39.667286,140.1674773,,2025-08-31T08:49:46.598Z
store-kappasushi-osm-way-183309088,chain-kappasushi,かっぱ寿司,"かっぱ寿司, 国道42号, 鳥羽一丁目, 鳥羽市, 三重県, 517-0011, 日本",34.4876212,136.8430259,,2025-08-31T08:49:48.045Z
store-kappasushi-osm-way-202248482,chain-kappasushi,かっぱ寿司 清水店,"かっぱ寿司, 国道1号, 渋川, 清水区, 静岡市, 静岡県, 424-8701, 日本",35.0115172,138.4511113,,2025-08-31T08:49:49.517Z
store-kappasushi-osm-way-204259977,chain-kappasushi,かっぱ寿司,"かっぱ寿司, 国道171号, 森本町, 南区, 向日市, 京都府, 617-0003, 日本",34.9439151,135.7173261,,2025-08-31T08:49:50.950Z
store-kappasushi-osm-way-224102233,chain-kappasushi,かっぱ寿司,"かっぱ寿司, 高田橋通り, 西年貢一丁目, 会津若松市, 福島県, 965-0865, 日本",37.4786563,139.9226941,,2025-08-31T08:49:52.407Z
store-kappasushi-osm-way-230106284,chain-kappasushi,かっぱ寿司 春日井店,"かっぱ寿司, 神屋味美線, 柏原町二丁目, 春日井市, 愛知県, 486-0913, 日本",35.247108,136.9636304,,2025-08-31T08:49:53.865Z
store-kappasushi-osm-way-247127848,chain-kappasushi,かっぱ寿司 浜松東若林店,"かっぱ寿司, 東海道, 東若林町, 中央区, 浜松市, 静岡県, 432-8048, 日本",34.6924037,137.7169028,,2025-08-31T08:49:55.325Z
store-kappasushi-osm-way-255865966,chain-kappasushi,かっぱ寿司,"かっぱ寿司, 掛塚街道, 向宿二丁目, 頭陀寺町, 中央区, 浜松市, 静岡県, 430-0811, 日本",34.6985782,137.7564668,,2025-08-31T08:49:56.787Z
store-kappasushi-osm-way-265760435,chain-kappasushi,かっぱ寿司 太子店,"かっぱ寿司, 国道179号, 東出, 太子町, 揖保郡, 兵庫県, 671-1227, 日本",34.8330927,134.5927288,,2025-08-31T08:49:58.220Z
store-kappasushi-osm-way-266142010,chain-kappasushi,かっぱ寿司 宇治店,"城陽宇治線, 小倉町, 宇治市, 京都府, 611-0042, 日本",34.8938848,135.7828779,,2025-08-31T08:49:59.637Z
store-kappasushi-osm-way-289384820,chain-kappasushi,かっぱ寿司 横浜戸塚店,"かっぱ寿司, 国道1号, 柏尾町, 戸塚区, 横浜市, 神奈川県, 244-0812, 日本",35.4158272,139.5452777,,2025-08-31T08:50:01.051Z
store-kappasushi-osm-way-290157943,chain-kappasushi,かっぱ寿司 戸塚影取店,"かっぱ寿司, 国道1号, 影取町, 戸塚区, 横浜市, 神奈川県, 231-0017, 日本",35.3652862,139.4983173,,2025-08-31T08:50:02.521Z
store-kappasushi-osm-way-290722400,chain-kappasushi,かっぱ寿司,"かっぱ寿司, 大野目内表線, 馬見ヶ崎四丁目, 山形市, 山形県, 990-0885, 日本",38.2831512,140.3179645,,2025-08-31T08:50:03.971Z
store-kappasushi-osm-way-302852523,chain-kappasushi,かっぱ寿司,"かっぱ寿司, みなと通り, 九条南一丁目, 港区, 大阪市, 大阪府, 550-0025, 日本",34.6686291,135.47188,,2025-08-31T08:50:05.393Z
store-kappasushi-osm-way-305509689,chain-kappasushi,かっぱ寿司 下松店,"かっぱ寿司, 下松市道中央線, 西柳一丁目, 下松市, 山口県, 744-0075, 日本",34.0181404,131.8659782,,2025-08-31T08:50:07.135Z
store-kappasushi-osm-way-310295673,chain-kappasushi,かっぱ寿司,"かっぱ寿司, 気仙沼唐桑線, 田谷, 気仙沼市, 宮城県, 988-0042, 日本",38.896899,141.565787,,2025-08-31T08:50:08.562Z
store-kappasushi-osm-way-315739411,chain-kappasushi,かっぱ寿司,"かっぱ寿司, 久慈バイパス, 新井田, 久慈市, 岩手県, 028-0041, 日本",40.188897,141.7864306,,2025-08-31T08:50:09.997Z
store-kappasushi-osm-way-331124668,chain-kappasushi,かっぱ寿司,"かっぱ寿司, いわき市道内郷平線, 平谷川瀬二丁目, いわき市, 福島県, 970-8036, 日本",37.0476841,140.8937129,,2025-08-31T08:50:11.437Z
store-kappasushi-osm-way-344644694,chain-kappasushi,かっぱ寿司,"かっぱ寿司, 吹浦酒田線, 泉町, 酒田市, 山形県, 998-0006, 日本",38.9332192,139.844166,,2025-08-31T08:50:12.876Z
store-kappasushi-osm-way-359658908,chain-kappasushi,かっぱ寿司,"かっぱ寿司, 小名浜平線, 鹿島町久保二丁目, いわき市, 福島県, 971-8133, 日本",36.9891469,140.9043647,,2025-08-31T08:50:14.298Z
store-kappasushi-osm-way-366098404,chain-kappasushi,かっぱ寿司 相馬店,"かっぱ寿司, 相馬新地線, 馬場野, 相馬市, 福島県, 976-0042, 日本",37.7879857,140.9323114,,2025-08-31T08:50:15.689Z
store-kappasushi-osm-way-369246660,chain-kappasushi,かっぱ寿司,"かっぱ寿司, 競輪場通り, 竹林町, 宇都宮市, 栃木県, 321-0974, 日本",36.5750255,139.9007094,,2025-08-31T08:50:17.271Z
store-kappasushi-osm-way-379536734,chain-kappasushi,かっぱ寿司,"かっぱ寿司, 国道2号, 杭瀬本町三丁目, 尼崎市, 兵庫県, 660-0801, 日本",34.7199554,135.4292408,,2025-08-31T08:50:18.729Z
store-kappasushi-osm-way-390043437,chain-kappasushi,かっぱ寿司,"かっぱ寿司, 国道2号, 隅の浜二丁目, 佐伯区, 広島市, 広島県, 731-5145, 日本",34.3608899,132.3457292,,2025-08-31T08:50:20.173Z
store-kappasushi-osm-way-393335873,chain-kappasushi,かっぱ寿司 中山寺店,665-0874 宝塚市,34.8154543,135.3769578,,2025-08-31T08:50:20.173Z
store-kappasushi-osm-way-399015048,chain-kappasushi,かっぱ寿司,"かっぱ寿司, 国道29号, 緑ヶ丘三丁目, 鳥取市, 鳥取県, 689-0911, 日本",35.5129138,134.2014627,,2025-08-31T08:50:21.670Z
store-kappasushi-osm-way-403812486,chain-kappasushi,かっぱ寿司 鶴岡店,997-0043 鶴岡市,38.7356471,139.8201057,,2025-08-31T08:50:21.670Z
store-kappasushi-osm-way-408285659,chain-kappasushi,かっぱ寿司,"かっぱ寿司, 水戸街道, 向小金二丁目, 流山市, 千葉県, 270-0011, 日本",35.841385,139.9430166,,2025-08-31T08:50:23.106Z
store-kappasushi-osm-way-408924311,chain-kappasushi,かっぱ寿司,"かっぱ寿司, 東京環状, 大山台一丁目, 柏市, 千葉県, 277-0861, 日本",35.8807067,139.9665604,,2025-08-31T08:50:24.537Z
store-kappasushi-osm-way-415456295,chain-kappasushi,かっぱ寿司,"かっぱ寿司, 国道165号, 築山, 香芝市, 奈良県, 639-0222, 日本",34.5320132,135.724112,,2025-08-31T08:50:25.978Z
store-kappasushi-osm-way-422814833,chain-kappasushi,かっぱ寿司 逢谷内店,"かっぱ寿司, 新潟新発田村上線, 大形本町, 東区, 新潟市, 新潟県, 950-0891, 日本",37.9234055,139.1153776,,2025-08-31T08:50:27.403Z
store-kappasushi-osm-way-430453224,chain-kappasushi,かっぱ寿司 半田店,"かっぱ寿司, 国道247号, 星崎町三丁目, 半田市, 愛知県, 475-0911, 日本",34.8988128,136.9242463,,2025-08-31T08:50:29.452Z
store-kappasushi-osm-way-455435091,chain-kappasushi,かっぱ寿司,"かっぱ寿司, 村上バイパス, 仲間町, 村上市, 新潟県, 日本",38.2134453,139.4851645,,2025-08-31T08:50:30.988Z
store-kappasushi-osm-way-456372022,chain-kappasushi,かっぱ寿司,"かっぱ寿司 福島黒岩店, 福島南バイパス, 鳥谷野, 福島市, 福島県, 960-8153, 日本",37.7264093,140.4678236,,2025-08-31T08:50:33.548Z
store-kappasushi-osm-way-460253552,chain-kappasushi,かっぱ寿司,"かっぱ寿司, 陸前浜街道, 大久保町二丁目, 日立市, 茨城県, 316-0002, 日本",36.5509368,140.6239077,,2025-08-31T08:50:35.012Z
store-kappasushi-osm-way-461518723,chain-kappasushi,かっぱ寿司,"かっぱ寿司, 栃木バイパス, 薗部町三丁目, 栃木市, 栃木県, 328-0074, 日本",36.3837049,139.7166165,,2025-08-31T08:50:36.433Z
store-kappasushi-osm-way-461839131,chain-kappasushi,かっぱ寿司,711-0921 岡山県倉敷市児島駅前3丁目14,34.4639026,133.8086857,,2025-08-31T08:50:36.433Z
store-kappasushi-osm-way-462685271,chain-kappasushi,かっぱ寿司,"かっぱ寿司, 新国道, 土崎港中央二丁目, 土崎港御蔵町, 秋田市, 秋田県, 011-0946, 日本",39.7458094,140.0856111,,2025-08-31T08:50:37.936Z
store-kappasushi-osm-way-465984159,chain-kappasushi,かっぱ寿司,"かっぱ寿司, 宮野大歳線, 勝井, 維新公園３丁目, 維新公園, 山口市, 山口県, 753-0851, 日本",34.1576772,131.4440676,,2025-08-31T08:50:39.355Z
store-kappasushi-osm-way-477808876,chain-kappasushi,かっぱ寿司,"かっぱ寿司, 枚方大和郡山線, 上町, 奈良市, 奈良県, 630-0131, 日本",34.7074171,135.7301123,,2025-08-31T08:50:40.824Z
store-kappasushi-osm-way-482875059,chain-kappasushi,かっぱ寿司,"かっぱ寿司, 掛川浜岡線, 加茂, 菊川市, 静岡県, 439-0026, 日本",34.7387782,138.0853477,,2025-08-31T08:50:42.257Z
store-kappasushi-osm-way-486683827,chain-kappasushi,かっぱ寿司 一関店,岩手県 一関市 字泥田 86 1,38.9369333,141.1138785,,2025-08-31T08:50:42.257Z
store-kappasushi-osm-way-495078933,chain-kappasushi,かっぱ寿司,"かっぱ寿司, 諸輪名古屋線, 平手南二丁目, 緑区, 名古屋市, 愛知県, 458-0008, 日本",35.0852666,136.9925573,,2025-08-31T08:50:43.711Z
store-kappasushi-osm-way-503335400,chain-kappasushi,かっぱ寿司,"かっぱ寿司, 大阪高槻京都線, 宇野辺一丁目, 茨木市, 大阪府, 565-0803, 日本",34.8051969,135.5568846,,2025-08-31T08:50:45.122Z
store-kappasushi-osm-way-520936062,chain-kappasushi,かっぱ寿司 鈴鹿店,"かっぱ寿司, 鈴鹿環状線, 西条九丁目, 鈴鹿市, 三重県, 513-0806, 日本",34.8760256,136.5699058,,2025-08-31T08:50:46.557Z
store-kappasushi-osm-way-521573722,chain-kappasushi,かっぱ寿司,"かっぱ寿司, 臨港線, 前浜町, 西宮市, 兵庫県, 662-8567, 日本",34.7279146,135.3350036,,2025-08-31T08:50:47.986Z
store-kappasushi-osm-way-528935904,chain-kappasushi,かっぱ寿司,"かっぱ寿司, 国道4号, 本内, 福島市, 福島県, 960-0102, 日本",37.794363,140.4885013,,2025-08-31T08:50:49.529Z
store-kappasushi-osm-way-544277391,chain-kappasushi,かっぱ寿司 十日町店,"かっぱ寿司, 十日町川西線, 高田町四丁目, 高山, 十日町市, 新潟県, 948-0055, 日本",37.1394616,138.7494228,,2025-08-31T08:50:50.954Z
store-kappasushi-osm-way-545205817,chain-kappasushi,かっぱ寿司,"かっぱ寿司, 福島西道路, 南矢野目, 福島市, 福島県, 960-0231, 日本",37.7879353,140.4593997,,2025-08-31T08:50:52.374Z
store-kappasushi-osm-way-547934481,chain-kappasushi,かっぱ寿司 津藤方店,"かっぱ寿司, 国道23号, 高茶屋小森上野町, 津市, 三重県, 514-0304, 日本",34.6824795,136.5148909,,2025-08-31T08:50:53.764Z
store-kappasushi-osm-way-551598097,chain-kappasushi,かっぱ寿司,"かっぱ寿司, 中野豊野線, 大字片塩, 中野市, 長野県, 383-0046, 日本",36.7442222,138.3491307,,2025-08-31T08:50:55.179Z
store-kappasushi-osm-way-554014772,chain-kappasushi,かっぱ寿司 八戸沼館店,"かっぱ寿司, 沼館大橋, 石堂四丁目, 八戸市, 青森県, 039-1165, 日本",40.52861,141.493205,,2025-08-31T08:50:56.589Z
store-kappasushi-osm-way-565812206,chain-kappasushi,かっぱ寿司 三沢店,"かっぱ寿司, 30 meter road, 松園町三丁目, 三沢市, 青森県, 033-0001, 日本",40.6750727,141.3662147,,2025-08-31T08:50:58.039Z
store-kappasushi-osm-way-575383040,chain-kappasushi,かっぱ寿司 君津店,内房なぎさライン,35.3286161,139.9236269,,2025-08-31T08:50:58.039Z
store-kappasushi-osm-way-583917699,chain-kappasushi,かっぱ寿司 焼津店,"かっぱ寿司, 静岡焼津線, 下小田上町, 焼津市, 静岡県, 425-0064, 日本",34.8413864,138.3077769,,2025-08-31T08:50:59.456Z
store-kappasushi-osm-way-584424818,chain-kappasushi,かっぱ寿司,"かっぱ寿司, 新発田南バイパス, 新栄町二丁目, 新発田市, 新潟県, 957-0061, 日本",37.9517279,139.2953262,,2025-08-31T08:51:00.887Z
store-kappasushi-osm-way-587646058,chain-kappasushi,かっぱ寿司 青森東バイパス店,"かっぱ寿司, 青森東バイパス, 造道二丁目, 青森市, 青森県, 030-0911, 日本",40.8283079,140.783276,,2025-08-31T08:51:02.322Z
store-kappasushi-osm-way-610241181,chain-kappasushi,かっぱ寿司 弘前安原店,"かっぱ寿司, 石川百田線, 大字門外四丁目, 門外4, 門外, 弘前市, 青森県, 036-8111, 日本",40.5763829,140.4902422,,2025-08-31T08:51:03.858Z
store-kappasushi-osm-way-612163210,chain-kappasushi,かっぱ寿司 上高田店,"かっぱ寿司, 長野須坂インター線, 栗田, 七瀬南部, 長野市, 長野県, 380-0904, 日本",36.6422191,138.2012869,,2025-08-31T08:51:05.269Z
store-kappasushi-osm-way-632729077,chain-kappasushi,かっぱ寿司 貝塚店,"かっぱ寿司, 第二阪和国道, 福田, 貝塚市, 大阪府, 597-0021, 日本",34.4441621,135.3669107,,2025-08-31T08:51:06.834Z
store-kappasushi-osm-way-635126650,chain-kappasushi,かっぱ寿司,"かっぱ寿司, 南勢バイパス, 御薗町長屋, 伊勢市, 三重県, 516-0037, 日本",34.5068133,136.711084,,2025-08-31T08:51:08.271Z
store-kappasushi-osm-way-643832926,chain-kappasushi,かっぱ寿司 東松山店,埼玉県東松山市新宿町1-8,36.036566,139.4173269,,2025-08-31T08:51:08.271Z
store-kappasushi-osm-way-650443642,chain-kappasushi,かっぱ寿司,"かっぱ寿司, 長野上田線, 稲里町中氷鉋, 長野市, 長野県, 381-2215, 日本",36.6051351,138.1619154,,2025-08-31T08:51:09.684Z
store-kappasushi-osm-way-651699827,chain-kappasushi,かっぱ寿司 青森浜田店,"かっぱ寿司, 観光通り, 桂木四丁目, 青森市, 青森県, 030-0845, 日本",40.7993155,140.7579678,,2025-08-31T08:51:11.128Z
store-kappasushi-osm-way-651989069,chain-kappasushi,かっぱ寿司,青森県 五所川原市 字藤巻 629 1,40.8006881,140.4604774,,2025-08-31T08:51:11.129Z
store-kappasushi-osm-way-658107186,chain-kappasushi,かっぱ寿司,"かっぱ寿司, 国道176号, 三和町二丁目, 豊中市, 大阪府, 561-0815, 日本",34.7418681,135.4772774,,2025-08-31T08:51:12.570Z
store-kappasushi-osm-way-665841926,chain-kappasushi,かっぱ寿司 藤岡店,"かっぱ寿司, 前橋長瀞線バイパス, 上栗須, 藤岡市, 群馬県, 375-8601, 日本",36.2507043,139.0638785,,2025-08-31T08:51:13.997Z
store-kappasushi-osm-way-668368651,chain-kappasushi,かっぱ寿司 豊中上新田店,"かっぱ寿司, 大阪中央環状線, 上新田二丁目, 豊中市, 大阪府, 560-0085, 日本",34.8027604,135.5015932,,2025-08-31T08:51:15.429Z
store-kappasushi-osm-way-674079951,chain-kappasushi,かっぱ寿司,"かっぱ寿司, 鞆松永線, 松永町六丁目, 松永, 福山市, 広島県, 729-0114, 日本",34.4425369,133.2575203,,2025-08-31T08:51:16.824Z
store-kappasushi-osm-way-677787518,chain-kappasushi,かっぱ寿司,"三上修悦税理士事務所, 中の橋, 中の橋一丁目, 久慈市, 岩手県, 028-0041, 日本",40.19169,141.767127,,2025-08-31T08:51:18.214Z
store-kappasushi-osm-way-686244221,chain-kappasushi,かっぱ寿司,"かっぱ寿司, 新なにわ筋;大阪臨海線, 津守三丁目, 西成区, 大阪市, 大阪府, 557-0062, 日本",34.6370551,135.4826307,,2025-08-31T08:51:19.738Z
store-kappasushi-osm-way-693561818,chain-kappasushi,かっぱ寿司 クロス21UTO店,"かっぱ寿司, 松橋バイパス, 水町, 宇土市, 熊本県, 日本",32.6901505,130.6725005,,2025-08-31T08:51:21.165Z
store-kappasushi-osm-way-710472284,chain-kappasushi,かっぱ寿司,"かっぱ寿司, 大池通り, 柳河内一丁目, 南区, 福岡市, 福岡県, 815-0041, 日本",33.5529608,130.3958298,,2025-08-31T08:51:22.597Z
store-kappasushi-osm-way-729221210,chain-kappasushi,かっぱ寿司,"かっぱ寿司, 大館十和田湖線, 御成町二丁目, 板子石境, 大館市, 秋田県, 017-8550, 日本",40.280689,140.5548492,,2025-08-31T08:51:24.050Z
store-kappasushi-osm-way-729515671,chain-kappasushi,かっぱ寿司,"かっぱ寿司, 新津東バイパス, 善道, 秋葉区, 新潟市, 新潟県, 956-0024, 日本",37.8062905,139.1140415,,2025-08-31T08:51:25.480Z
store-kappasushi-osm-way-737617928,chain-kappasushi,かっぱ寿司 須坂店,3820052 長野県 須坂市 字神田 500,36.6540584,138.3004689,,2025-08-31T08:51:25.480Z
store-kappasushi-osm-way-750201289,chain-kappasushi,かっぱ寿司 酒田店,998-0831 山形県 酒田市 4 11,38.8941306,139.8527524,,2025-08-31T08:51:25.480Z
store-kappasushi-osm-way-753520461,chain-kappasushi,かっぱ寿司,"かっぱ寿司 能代店, 能代バイパス, 字中谷地, 機織, 能代市, 秋田県, 016-0184, 日本",40.1840614,140.054104,,2025-08-31T08:51:26.900Z
store-kappasushi-osm-way-774660649,chain-kappasushi,かっぱ寿司 伊勢崎店,"かっぱ寿司, 東毛広域幹線道路, 阿弥大寺町, 伊勢崎市, 群馬県, 372-0815, 日本",36.3045944,139.1756123,,2025-08-31T08:51:28.290Z
store-kappasushi-osm-way-777829281,chain-kappasushi,かっぱ寿司,"かっぱ寿司, 国道13号, 千石町一丁目, 湯沢市, 秋田県, 012-0043, 日本",39.158426,140.4895988,,2025-08-31T08:51:29.679Z
store-kappasushi-osm-way-787492217,chain-kappasushi,かっぱ寿司,"かっぱ寿司, 岐大バイパス, 稲里, 瑞穂市, 岐阜県, 501-0293, 日本",35.387309,136.691784,,2025-08-31T08:51:31.104Z
store-kappasushi-osm-way-796856921,chain-kappasushi,かっぱ寿司 弘前八幡店,036-8057 青森県 弘前市 3 2 4,40.6161866,140.4850492,,2025-08-31T08:51:31.104Z
store-kappasushi-osm-way-801430473,chain-kappasushi,かっぱ寿司 東淀川店,"かっぱ寿司, 国道479号, 豊里七丁目, 東淀川区, 大阪市, 大阪府, 533-0011, 日本",34.7455125,135.5418075,,2025-08-31T08:51:32.537Z
store-kappasushi-osm-way-813431076,chain-kappasushi,かっぱ寿司,"かっぱ寿司, 国道18号, 中央西二丁目, 上田市, 長野県, 386-0025, 日本",36.4083658,138.2433552,,2025-08-31T08:51:33.964Z
store-kappasushi-osm-way-821753568,chain-kappasushi,かっぱ寿司,"かっぱ寿司, 岡谷下諏訪線, 西豊, 下諏訪町, 諏訪郡, 長野県, 393-0045, 日本",36.0673802,138.0842534,,2025-08-31T08:51:35.405Z
store-kappasushi-osm-way-835215406,chain-kappasushi,かっぱ寿司,福島県 郡山市,37.407414,140.3482046,,2025-08-31T08:51:35.405Z
store-kappasushi-osm-way-857987533,chain-kappasushi,かっぱ寿司 堺向陵店,"かっぱ寿司, 堺羽曳野線, 東三国ヶ丘町三丁, 堺区, 堺市, 大阪府, 540-8570, 日本",34.5664355,135.4976825,,2025-08-31T08:51:36.845Z
store-kappasushi-osm-way-890948919,chain-kappasushi,かっぱ寿司,"かっぱ寿司, 国道248号, 井ノ口新町, 岡崎市, 愛知県, 444-2136, 日本",34.9848704,137.1635095,,2025-08-31T08:51:38.256Z
store-kappasushi-osm-way-975405494,chain-kappasushi,かっぱ寿司,"かっぱ寿司, 豊田内環状線, 小坂町九丁目, 豊田市, 愛知県, 471-0035, 日本",35.0879527,137.1456346,,2025-08-31T08:51:39.679Z
store-kappasushi-osm-way-1008887465,chain-kappasushi,かっぱ寿司,"かっぱ寿司, 大曲バイパス, 福田町, 大仙市, 秋田県, 014-0027, 日本",39.4699251,140.4854065,,2025-08-31T08:51:41.142Z
store-kappasushi-osm-way-1020037761,chain-kappasushi,かっぱ寿司,"かっぱ寿司, 東根大森工業団地線, 中央南二丁目, 東根市, 山形県, 999-3710, 日本",38.4263277,140.3822394,,2025-08-31T08:51:42.573Z
store-kappasushi-osm-way-1025440795,chain-kappasushi,かっぱ寿司 東舞鶴店,"かっぱ寿司, 曙通り, 愛宕浜町, 舞鶴市, 京都府, 625-0041, 日本",35.4774352,135.4044412,,2025-08-31T08:51:43.971Z
store-kappasushi-osm-way-1028366907,chain-kappasushi,かっぱ寿司,"かっぱ寿司, 国道129号, 四之宮二丁目, 平塚市, 神奈川県, 254-0027, 日本",35.3491821,139.3554699,,2025-08-31T08:51:45.353Z
store-kappasushi-osm-way-1030566041,chain-kappasushi,かっぱ寿司 北上店,岩手県 北上市,39.2923703,141.1087485,,2025-08-31T08:51:45.353Z
store-kappasushi-osm-way-1041947060,chain-kappasushi,かっぱ寿司,"かっぱ寿司, 彩甲斐街道, 大野原, 秩父市, 埼玉県, 368-0005, 日本",36.0207055,139.0972892,,2025-08-31T08:51:46.873Z
store-kappasushi-osm-way-1043697318,chain-kappasushi,かっぱ寿司,"かっぱ寿司, 日本ロマンチック街道, 久屋原町, 沼田市, 群馬県, 378-0048, 日本",36.6576678,139.0795659,,2025-08-31T08:51:48.264Z
store-kappasushi-osm-way-1053341105,chain-kappasushi,かっぱ寿司,"かっぱ寿司, 盛岡西バイパス, 向中野三丁目, 盛岡市, 岩手県, 020-0851, 日本",39.6845689,141.1361005,,2025-08-31T08:51:49.696Z
store-kappasushi-osm-way-1073239943,chain-kappasushi,かっぱ寿司,"かっぱ寿司, 横手バイパス, 上三枚橋, 横手市, 秋田県, 013-0062, 日本",39.3061831,140.5573379,,2025-08-31T08:51:51.169Z
store-kappasushi-osm-way-1076222277,chain-kappasushi,かっぱ寿司,"かっぱ寿司, 徳益蒲船津線, 三橋町下百町, 柳川市, 福岡県, 832-0826, 日本",33.1616328,130.4231469,,2025-08-31T08:51:52.609Z
store-kappasushi-osm-way-1086356153,chain-kappasushi,かっぱ寿司 神戸須磨店,"かっぱ寿司, 神戸明石線, 寺田町三丁目, 須磨区, 神戸市, 兵庫県, 654-0026, 日本",34.6569855,135.1366445,,2025-08-31T08:51:54.043Z
store-kappasushi-osm-way-1099213037,chain-kappasushi,かっぱ寿司,"かっぱ寿司, 洲本五色線, 下加茂二丁目, 洲本市, 兵庫県, 656-0013, 日本",34.3464864,134.876618,,2025-08-31T08:51:55.469Z
store-kappasushi-osm-way-1117819879,chain-kappasushi,かっぱ寿司,"かっぱ寿司, 前橋大間々桐生線, 三俣町一丁目, 前橋市, 群馬県, 371-0011, 日本",36.3937721,139.0839824,,2025-08-31T08:51:56.902Z
store-kappasushi-osm-way-1223211830,chain-kappasushi,かっぱ寿司,"かっぱ寿司, 諏訪バイパス, 沖田町四丁目, 諏訪市, 長野県, 392-0015, 日本",36.0133127,138.1278018,,2025-08-31T08:51:58.341Z
store-kappasushi-osm-way-1384055394,chain-kappasushi,かっぱ寿司,"かっぱ寿司, 運動公園通り, 上殿岡, 伊賀良, 飯田市, 長野県, 395-0805, 日本",35.4997206,137.8085129,,2025-08-31T08:51:59.757Z
store-kappasushi-osm-way-1385119294,chain-kappasushi,かっぱ寿司,"かっぱ寿司, 国道153号, 飯沼南, 上郷, 飯田市, 長野県, 395-0002, 日本",35.5143522,137.8483099,,2025-08-31T08:52:01.204Z
store-miya-osm-node-10995238139,chain-miya,ステーキ宮,,35.6238783,139.3914088,ステーキ,2025-08-31T10:06:38.822341+00:00
store-miya-osm-node-11038362101,chain-miya,ステーキ宮 逗子店,,35.291537,139.573797,ステーキ,2025-08-31T10:06:38.822341+00:00
store-miya-osm-node-11279708820,chain-miya,ステーキ宮,,35.4676402,139.62127,ステーキ,2025-08-31T10:06:38.822341+00:00
store-miya-osm-node-12198418646,chain-miya,ステーキ宮,,35.6989511,140.2322103,ステーキ,2025-08-31T10:06:38.822341+00:00
store-miya-osm-node-12570425201,chain-miya,ステーキ宮 大田原店,,36.8618202,140.0108086,ステーキ,2025-08-31T10:06:38.822341+00:00
store-miya-osm-node-12686022909,chain-miya,ステーキ宮　海老ケ瀬インター店,,37.9225154,139.1230461,ステーキ,2025-08-31T10:06:38.822341+00:00
store-miya-osm-node-1792616058,chain-miya,ステーキ宮 甲府店,,35.6389132,138.5899355,ステーキ,2025-08-31T10:06:38.822341+00:00
store-miya-osm-node-1962574152,chain-miya,ステーキ宮,,37.9197092,140.1146179,ステーキ,2025-08-31T10:06:38.822341+00:00
store-miya-osm-node-2127000438,chain-miya,ステーキ宮,,36.394934,139.730028,ステーキ,2025-08-31T10:06:38.822341+00:00
store-miya-osm-node-2209951154,chain-miya,ステーキ宮,,36.0761026,136.1964254,ステーキ,2025-08-31T10:06:38.822341+00:00
store-miya-osm-node-2301016482,chain-miya,ステーキ宮,,35.1836366,136.8357261,ステーキ,2025-08-31T10:06:38.822341+00:00
store-miya-osm-node-2365435284,chain-miya,ステーキ宮,,35.0716157,136.9100679,ステーキ,2025-08-31T10:06:38.822341+00:00
store-miya-osm-node-2482080084,chain-miya,ステーキ宮,,35.2415732,136.8827967,ステーキ,2025-08-31T10:06:38.822341+00:00
store-miya-osm-node-2674685545,chain-miya,ステーキ宮,,35.1758928,136.9392879,ステーキ,2025-08-31T10:06:38.822341+00:00
store-miya-osm-node-2866072829,chain-miya,ステーキ宮,,35.3931771,136.7853983,ステーキ,2025-08-31T10:06:38.822341+00:00
store-miya-osm-node-3485534281,chain-miya,ステーキ宮,,35.249723,136.8273425,ステーキ,2025-08-31T10:06:38.822341+00:00
store-miya-osm-node-4120781808,chain-miya,ステーキ宮,,36.5182314,139.8417433,ステーキ,2025-08-31T10:06:38.822341+00:00
store-miya-osm-node-4120959724,chain-miya,ステーキ宮,,36.6047608,139.8166092,ステーキ,2025-08-31T10:06:38.822341+00:00
store-miya-osm-node-4124937091,chain-miya,ステーキ宮,,43.016049,141.390626,ステーキ,2025-08-31T10:06:38.822341+00:00
store-miya-osm-node-4383020841,chain-miya,ステーキ宮,,35.3330861,136.6204995,ステーキ,2025-08-31T10:06:38.822341+00:00
store-miya-osm-node-4487242491,chain-miya,ステーキ宮,,38.3166016,140.882725,ステーキ,2025-08-31T10:06:38.822341+00:00
store-miya-osm-node-4516947894,chain-miya,ステーキ宮 仙台中田店,,38.1905769,140.891576,ステーキ,2025-08-31T10:06:38.822341+00:00
store-miya-osm-node-4686918892,chain-miya,ステーキ宮,,35.7945062,139.7472423,ステーキ,2025-08-31T10:06:38.822341+00:00
store-miya-osm-node-4891736675,chain-miya,ステーキ宮,,34.8079422,134.606756,ステーキ,2025-08-31T10:06:38.822341+00:00
store-miya-osm-node-5002785122,chain-miya,ステーキ宮 山形西店,,38.2398401,140.3072823,ステーキ,2025-08-31T10:06:38.822341+00:00
store-miya-osm-node-5060205712,chain-miya,ステーキ宮 金沢中央店,,36.5788853,136.6369387,ステーキ,2025-08-31T10:06:38.822341+00:00
store-miya-osm-node-5076277657,chain-miya,ステーキ宮,,35.0078949,136.9074703,ステーキ,2025-08-31T10:06:38.822341+00:00
store-miya-osm-node-5319704035,chain-miya,ステーキ宮,,34.8755445,136.5705036,ステーキ,2025-08-31T10:06:38.822341+00:00
store-miya-osm-node-5420008328,chain-miya,ステーキ宮 八戸店,,40.5205409,141.4940104,ステーキ,2025-08-31T10:06:38.822341+00:00
store-miya-osm-node-5566033143,chain-miya,ステーキ宮,,37.454221,138.81566,ステーキ,2025-08-31T10:06:38.822341+00:00
store-miya-osm-node-5633950123,chain-miya,ステーキ宮,,35.97874,140.151951,ステーキ,2025-08-31T10:06:38.822341+00:00
store-miya-osm-node-5974146795,chain-miya,ステーキ宮,,34.9704563,137.0676787,ステーキ,2025-08-31T10:06:38.822341+00:00
store-miya-osm-node-6602295788,chain-miya,ステーキ宮,,34.5207289,135.8045665,ステーキ,2025-08-31T10:06:38.822341+00:00
store-miya-osm-node-8278471519,chain-miya,ステーキ宮,,35.5007282,137.8129864,ステーキ,2025-08-31T10:06:38.822341+00:00
store-miya-osm-node-8490829687,chain-miya,ステーキ宮,,35.5670189,139.4232872,ステーキ,2025-08-31T10:06:38.822341+00:00
store-miya-osm-node-9099751934,chain-miya,ステーキ宮,,36.9693259,140.0468982,ステーキ,2025-08-31T10:06:38.822341+00:00
store-miya-osm-node-9472329371,chain-miya,ステーキ宮 宇部厚南店,,33.9772605,131.2091417,ステーキ,2025-08-31T10:06:38.822341+00:00
store-miya-osm-node-9820257892,chain-miya,ステーキ宮,,37.053312,140.8889578,ステーキ,2025-08-31T10:06:38.822341+00:00
store-miya-osm-node-9952634395,chain-miya,ステーキ宮,,34.7225497,134.8705687,ステーキ,2025-08-31T10:06:38.822341+00:00
